release,date,author,status,maturity,version,first,distribution,abstract
Netstack-0.002,2021-09-28T08:57:39,CARELINE,latest,released,0.002,,Netstack,"Network automation development toolkit"
App-ansicolumn-1.14,2021-09-28T08:30:46,UTASHIRO,latest,released,1.14,,App-ansicolumn,"ANSI sequence aware column command"
Netstack-0.001,2021-09-28T08:26:25,CARELINE,cpan,released,0.001,1,Netstack,"turns baubles into trinkets"
Object-Util-Stringify-0.001,2021-09-28T01:50:09,PERLANCAR,latest,released,0.001,1,Object-Util-Stringify,"Utility routines related to object stringification"
Acme-CPANModules-WorkingWithTree-0.005,2021-09-28T00:05:10,PERLANCAR,latest,released,0.005,,Acme-CPANModules-WorkingWithTree,"Working with tree data structure in Perl"
Task-AlienDev-0.02,2021-09-27T23:25:46,PLICEASE,latest,released,0.02,,Task-AlienDev,"Task bundle for Alien development"
Geonode-Free-ProxyList-0.0.5,2021-09-27T23:12:49,JULIODCS,latest,released,v0.0.5,,Geonode-Free-ProxyList,"Get Free Geonode Proxies by using some filters"
Getopt-EX-v1.25.0,2021-09-27T23:05:44,UTASHIRO,latest,released,v1.25.0,,Getopt-EX,"Getopt Extender"
Net-OAuth2-0.67,2021-09-27T21:22:55,UHLE,latest,released,0.67,,Net-OAuth2,"OAuth2 authenticating client"
Game-FaceGenerator-1.01_02,2021-09-27T20:37:15,SCHROEDER,cpan,developer,1.01,,Game-FaceGenerator,"a web app to combine random images into faces"
TableDataBundle-CPAN-Release-Static-Older-20210927.0,2021-09-27T16:35:39,PERLANCAR,latest,released,20210927.0,1,TableDataBundle-CPAN-Release-Static-Older,"Collection of TableData:: modules that contain older CPAN releases data"
Pod-Weaver-Role-RequireFromBuild-0.001,2021-09-27T16:26:25,PERLANCAR,latest,released,0.001,1,Pod-Weaver-Role-RequireFromBuild,"Role to require() from Dist::Zilla build files"
Pod-Weaver-Plugin-TableData-0.002,2021-09-27T16:26:14,PERLANCAR,latest,released,0.002,,Pod-Weaver-Plugin-TableData,"Plugin to use when building TableData::* distribution"
Pod-Weaver-Plugin-TableData-0.001,2021-09-27T16:26:03,PERLANCAR,cpan,released,0.001,1,Pod-Weaver-Plugin-TableData,"Plugin to use when building TableData::* distribution"
Dist-Zilla-Plugin-TableData-0.001,2021-09-27T16:25:52,PERLANCAR,latest,released,0.001,1,Dist-Zilla-Plugin-TableData,"Plugin to use when building TableData::* distribution"
App-BrowserUtils-0.015,2021-09-27T16:25:41,PERLANCAR,latest,released,0.015,,App-BrowserUtils,"Utilities related to browsers, particularly modern GUI ones"
Net-Silverpeak-Orchestrator-0.002000,2021-09-27T15:50:04,ABRAXXA,latest,released,0.002000,,Net-Silverpeak-Orchestrator,"Silverpeak Orchestrator REST API client library"
Redis-OpenTracing-v0.2.0,2021-09-27T15:14:29,VANHOESEL,latest,released,v0.2.0,,Redis-OpenTracing,"Wrap Redis inside OpenTracing"
Term-Choose-1.740,2021-09-27T14:37:01,KUERBIS,latest,released,1.740,,Term-Choose,"Choose items from a list interactively."
Unisyn-Parse-20210927,2021-09-27T14:22:48,PRBRENAN,latest,released,20210927,,Unisyn-Parse,"Parse a Unisyn expression."
Nasm-X86-20210928,2021-09-27T14:22:37,PRBRENAN,latest,released,20210928,,Nasm-X86,"Generate X86 assembler code using Perl as a macro pre-processor."
App-FirefoxUtils-0.016,2021-09-27T14:13:25,PERLANCAR,latest,released,0.016,,App-FirefoxUtils,"Utilities related to Firefox"
App-ChromeUtils-0.009,2021-09-27T14:13:14,PERLANCAR,latest,released,0.009,,App-ChromeUtils,"Utilities related to Google Chrome browser"
App-BrowserUtils-0.014,2021-09-27T14:13:04,PERLANCAR,cpan,released,0.014,,App-BrowserUtils,"Utilities related to browsers, particularly modern GUI ones"
App-BrowserUtils-0.013,2021-09-27T14:11:37,PERLANCAR,cpan,released,0.013,,App-BrowserUtils,"Utilities related to browsers, particularly modern GUI ones"
Perl-Critic-Policy-Variables-ProhibitUnusedVarsStricter-0.111_01,2021-09-27T11:51:28,WYANT,cpan,developer,0.111_01,,Perl-Critic-Policy-Variables-ProhibitUnusedVarsStricter,"Critique unused variables in Perl source"
DBIx-Connector-0.57,2021-09-27T10:26:01,ARISTOTLE,latest,released,0.57,,DBIx-Connector,"Fast, safe DBI connection and transaction management"
App-Greple-subst-2.2903,2021-09-27T08:08:10,UTASHIRO,latest,released,2.2903,,App-Greple-subst,"Greple module for text search and substitution"
Getopt-EX-Hashed-0.9920,2021-09-27T07:03:35,UTASHIRO,latest,released,0.9920,,Getopt-EX-Hashed,"Hash store object automation"
JSON-Schema-Modern-0.520,2021-09-27T05:59:15,ETHER,latest,released,0.520,,JSON-Schema-Modern,"Validate data against a schema"
Test-Prereq-Meta-0.003,2021-09-27T04:30:42,WYANT,latest,released,0.003,,Test-Prereq-Meta,"Test distribution prerequisites against meta data."
HTML-Escape-1.11,2021-09-27T04:12:41,TOKUHIROM,latest,released,1.11,,HTML-Escape,"Extremely fast HTML escaping"
App-perlimports-0.000022,2021-09-27T01:40:45,OALDERS,latest,released,0.000022,,App-perlimports,"Make implicit imports explicit"
Mail-DMARC-1.20210927,2021-09-27T00:40:30,MBRADSHAW,latest,released,1.20210927,,Mail-DMARC,"Perl implementation of DMARC"
WordLists-EN-Adjective-0.002,2021-09-27T00:06:01,PERLANCAR,latest,released,0.002,,WordLists-EN-Adjective,"Collection of English adjectives"
Dist-Zilla-MintingProfile-AlienBuild-0.03,2021-09-26T23:47:48,PLICEASE,latest,released,0.03,,Dist-Zilla-MintingProfile-AlienBuild,"A minimal Dist::Zilla minting profile for Aliens"
Proc-ProcessTable-0.634,2021-09-26T23:04:23,JWB,latest,released,0.634,,Proc-ProcessTable,"Perl extension to access the unix process table"
Proc-ProcessTable-0.633,2021-09-26T23:01:20,JWB,cpan,released,0.633,,Proc-ProcessTable,"Perl extension to access the unix process table"
Proc-ProcessTable-0.632,2021-09-26T22:35:32,JWB,cpan,released,0.632,,Proc-ProcessTable,"Perl extension to access the unix process table"
Proc-ProcessTable-0.631,2021-09-26T21:58:24,JWB,cpan,released,0.631,,Proc-ProcessTable,"Perl extension to access the unix process table"
Game-FaceGenerator-1.01_01,2021-09-26T20:56:21,SCHROEDER,cpan,developer,1.01,,Game-FaceGenerator,"a web app to combine random images into faces"
Nasm-X86-20210926,2021-09-26T20:25:44,PRBRENAN,cpan,released,20210926,,Nasm-X86,"Generate X86 assembler code using Perl as a macro pre-processor."
Photonic-0.020,2021-09-26T20:11:25,WLMB,latest,released,0.020,,Photonic,"A perl package for calculations on photonics and metamaterials."
Dist-Zilla-MintingProfile-AlienBuild-0.02,2021-09-26T17:08:46,PLICEASE,cpan,released,0.02,,Dist-Zilla-MintingProfile-AlienBuild,"A minimal Dist::Zilla minting profile for Aliens"
TableDataRoles-Standard-0.010,2021-09-26T16:26:01,PERLANCAR,latest,released,0.010,,TableDataRoles-Standard,"Standard set of roles for TableData"
Perl-LanguageServer-2.3.0,2021-09-26T15:03:00,GRICHTER,latest,released,v2.3.0,,Perl-LanguageServer,"Language Server and Debug Protocol Adapter for Perl"
Test-Pod-LinkCheck-Lite-0.008,2021-09-26T13:45:36,WYANT,latest,released,0.008,,Test-Pod-LinkCheck-Lite,"Test POD links"
Thrift-0.15.0,2021-09-26T11:49:19,JKING,latest,released,v0.15.0,,Thrift,"Apache Thrift is a software framework for scalable cross-language services development."
Thrift-0.14.2,2021-09-26T11:49:08,JKING,cpan,released,v0.14.2,,Thrift,"Apache Thrift is a software framework for scalable cross-language services development."
Thrift-0.14.1,2021-09-26T11:48:56,JKING,cpan,released,v0.14.1,,Thrift,"Apache Thrift is a software framework for scalable cross-language services development."
App-DBBrowser-2.284,2021-09-26T10:54:21,KUERBIS,latest,released,2.284,,App-DBBrowser,"Browse SQLite/MySQL/PostgreSQL databases and their tables interactively."
Geonode-Free-ProxyList-0.0.4,2021-09-26T09:21:59,JULIODCS,cpan,released,v0.0.4,,Geonode-Free-ProxyList,"Get Free Geonode Proxies by using some filters"
App-DBBrowser-2.283,2021-09-26T05:39:41,KUERBIS,cpan,released,2.283,,App-DBBrowser,"Browse SQLite/MySQL/PostgreSQL databases and their tables interactively."
Test2-Plugin-Feature-0.001111,2021-09-26T04:16:02,YLAVOIE,latest,released,0.001111,,Test2-Plugin-Feature,"Plugin to allow testing Pherkin files."
Test2-Plugin-Feature-0.001110,2021-09-26T03:03:47,YLAVOIE,cpan,released,0.001110,,Test2-Plugin-Feature,"Plugin to allow testing Pherkin files."
ArrayData-0.2.4,2021-09-26T02:39:24,PERLANCAR,latest,released,0.2.4,,ArrayData,"Specification for ArrayData::*, modules that contains array data"
Thrift-0.14.0,2021-09-26T02:39:13,JKING,cpan,released,v0.14.0,,Thrift,"Apache Thrift is a software framework for scalable cross-language services development."
ArrayData-Lingua-Word-ID-KBBI-0.003,2021-09-26T02:35:03,PERLANCAR,latest,released,0.003,1,ArrayData-Lingua-Word-ID-KBBI,"Indonesian words from Kamus Besar Bahasa Indonesia"
Array-Iterator-0.131,2021-09-26T01:58:06,PERLANCAR,latest,released,0.131,,Array-Iterator,"A simple class for iterating over Perl arrays"
PDL-2.057_02,2021-09-26T01:07:25,ETJ,cpan,developer,2.057_02,,PDL,"Perl Data Language"
WordList-0.7.11,2021-09-26T00:21:12,PERLANCAR,latest,released,0.7.11,,WordList,"Specification and base class for WordList::*, modules that contain word list"
WordLists-EN-Adjective-0.001,2021-09-26T00:05:38,PERLANCAR,cpan,released,0.001,1,WordLists-EN-Adjective,"Collection of English adjectives"
Geonode-Free-ProxyList-0.0.3,2021-09-25T23:56:01,JULIODCS,cpan,released,v0.0.3,,Geonode-Free-ProxyList,"Get Free Geonode Proxies by using some filters"
App-perlimports-0.000021,2021-09-25T23:54:34,OALDERS,cpan,released,0.000021,,App-perlimports,"Make implicit imports explicit"
JSON-Validator-4.25,2021-09-25T23:43:09,JHTHORSEN,latest,released,4.25,,JSON-Validator,"Validate data against a JSON schema"
HTML-FillInForm-2.22,2021-09-25T23:04:44,OALDERS,latest,released,2.22,,HTML-FillInForm,"Populates HTML Forms with data."
Test2-Plugin-Feature-0.001109,2021-09-25T22:21:27,YLAVOIE,cpan,released,0.001109,,Test2-Plugin-Feature,"Plugin to allow testing Pherkin files."
App-Music-ChordPro-5.984,2021-09-25T19:59:53,JV,latest,released,5.984,,App-Music-ChordPro,"A lyrics and chords formatting program"
PDL-LinearAlgebra-0.23,2021-09-25T18:51:40,ETJ,latest,released,0.23,,PDL-LinearAlgebra,"PDL bindings to some BLAS and LAPACK library routines"
Mock-Data-0.03,2021-09-25T18:50:13,NERDVANA,latest,released,0.03,,Mock-Data,"Extensible toolkit for generating mock data"
Net-Async-Redis-3.016,2021-09-25T18:24:07,TEAM,latest,released,3.016,,Net-Async-Redis,"Redis support for IO::Async"
Geonode-Free-ProxyList-0.0.1,2021-09-25T18:06:08,JULIODCS,cpan,released,v0.0.1,1,Geonode-Free-ProxyList,"Get Free Geonode Proxies by using some filters"
DateTime-Calendar-Christian-0.12,2021-09-25T13:00:12,WYANT,latest,released,0.12,,DateTime-Calendar-Christian,"Dates in the Christian (combined Julian/Gregorian) calendar"
DateTime-Calendar-Julian-0.106,2021-09-25T12:57:21,WYANT,latest,released,0.106,,DateTime-Calendar-Julian,"DateTime object in the Julian calendar"
Mojolicious-Command-generate-lexicon-0.998,2021-09-25T11:32:27,UNDEF,latest,released,0.998,,Mojolicious-Command-generate-lexicon,"Decorator of the Mojolicious::Command::generate::lexicon"
Evo-Inference-0.1.12,2021-09-25T08:32:03,KOBOLDWIZ,latest,released,v0.1.12,,Evo-Inference,"Perl extension for an Inference engine for Evolutionary Algorithms"
Alien-PGPLOT-0.01,2021-09-25T03:18:36,DJERIUS,latest,released,0.01,1,Alien-PGPLOT,"Build and Install the PGPLOT library"
Dist-Zilla-PluginBundle-DROLSKY-1.20,2021-09-25T03:17:09,DROLSKY,latest,released,1.20,,Dist-Zilla-PluginBundle-DROLSKY,"DROLSKY's plugin bundle"
DateTime-TimeZone-2.48,2021-09-25T01:23:43,DROLSKY,latest,released,2.48,,DateTime-TimeZone,"Time zone object base class and factory"
Time-OlsonTZ-Data-0.202102,2021-09-25T01:08:14,ZEFRAM,latest,released,0.202102,,Time-OlsonTZ-Data,"Olson timezone data"
BorderStyles-Standard-0.007,2021-09-25T00:05:38,PERLANCAR,latest,released,0.007,,BorderStyles-Standard,"A standard collection of border styles"
Bot-IRC-1.38,2021-09-24T22:46:29,GRYPHON,latest,released,1.38,,Bot-IRC,"Yet Another IRC Bot"
App-GhostWork-0.05,2021-09-24T21:44:25,INA,latest,released,0.05,,App-GhostWork,"Barcode Logger(When,Where,Who,What,toWhich,Why,Howmanysec)"
App-ElasticSearch-Utilities-8.2,2021-09-24T21:31:54,BLHOTSKY,latest,released,8.2,,App-ElasticSearch-Utilities,"Utilities for Monitoring ElasticSearch"
PDL-2.057_01,2021-09-24T20:55:04,ETJ,cpan,developer,2.057_01,,PDL,"Perl Data Language"
Test2-Tools-LoadModule-0.007,2021-09-24T20:25:50,WYANT,latest,released,0.007,,Test2-Tools-LoadModule,"Test whether a module can be successfully loaded."
DBIx-SearchBuilder-1.71,2021-09-24T20:25:38,BPS,latest,released,1.71,,DBIx-SearchBuilder,"Encapsulate SQL queries and rows in simple perl objects"
Net-Dimona-0.02,2021-09-24T17:39:55,GARU,latest,released,0.02,,Net-Dimona,"acesso rápido à API de print-on-demand da Dimona."
Mojo-Leds-1.11,2021-09-24T16:13:35,EBRUNI,latest,released,1.11,,Mojo-Leds,"Leds aka Light Environment (emi) for Development System based on Mojolicious"
DBIx-SearchBuilder-1.70,2021-09-24T15:03:57,BPS,cpan,released,1.70,,DBIx-SearchBuilder,"Encapsulate SQL queries and rows in simple perl objects"
App-DBBrowser-2.282,2021-09-24T14:53:29,KUERBIS,cpan,released,2.282,,App-DBBrowser,"Browse SQLite/MySQL/PostgreSQL databases and their tables interactively."
Bio-MUST-Core-0.212670,2021-09-24T14:29:46,DBAURAIN,latest,released,0.212670,,Bio-MUST-Core,"Core classes and utilities for Bio::MUST"
Photonic-0.019,2021-09-24T14:22:31,WLMB,cpan,released,0.019,,Photonic,"A perl package for calculations on photonics and metamaterials."
PGObject-Util-DBAdmin-1.5.0,2021-09-24T12:47:40,EHUELS,latest,released,v1.5.0,,PGObject-Util-DBAdmin,"PostgreSQL Database Management Facilities for PGObject"
App-Music-ChordPro-5.983,2021-09-24T10:02:09,JV,cpan,released,5.983,,App-Music-ChordPro,"A lyrics and chords formatting program"
PICA-Data-1.31,2021-09-24T08:36:08,VOJ,latest,released,1.31,,PICA-Data,"PICA record processing"
App-Greple-subst-2.2902,2021-09-24T05:55:34,UTASHIRO,cpan,released,2.2902,,App-Greple-subst,"Greple module for text search and substitution"
App-dateseq-0.105,2021-09-24T05:33:47,PERLANCAR,latest,released,0.105,,App-dateseq,"Generate a sequence of dates"
App-dateseq-0.104,2021-09-24T04:56:33,PERLANCAR,cpan,released,0.104,,App-dateseq,"Generate a sequence of dates"
SPVM-0.9015,2021-09-24T04:56:22,KIMOTO,latest,released,0.9015,,SPVM,"Static Perl Virtual Machine. Fast Calculation, Fast Array Operation, and Easy C/C++ Binding."
Dist-Zilla-Plugin-InsertCommandOutput-0.055,2021-09-24T00:06:03,PERLANCAR,latest,released,0.055,,Dist-Zilla-Plugin-InsertCommandOutput,"Insert the output of command into your POD"
App-perlimports-0.000020,2021-09-23T22:58:37,OALDERS,cpan,released,0.000020,,App-perlimports,"Make implicit imports explicit"
App-TimeTracker-3.010,2021-09-23T21:18:27,DOMM,latest,released,3.010,,App-TimeTracker,"time tracking for impatient and lazy command line lovers"
Task-AlienDev-0.01,2021-09-23T21:08:03,PLICEASE,cpan,released,0.01,1,Task-AlienDev,"Task bundle for Alien development"
Syntax-Operator-Zip-0.01,2021-09-23T21:02:43,PEVANS,latest,released,0.01,1,Syntax-Operator-Zip,"infix operator to compose two lists together"
Dist-Zilla-MintingProfile-AlienBuild-0.01,2021-09-23T19:37:39,PLICEASE,cpan,released,0.01,1,Dist-Zilla-MintingProfile-AlienBuild,"A minimal Dist::Zilla minting profile for Aliens"
XS-Parse-Keyword-0.17,2021-09-23T17:29:51,PEVANS,latest,released,0.17,,XS-Parse-Keyword,"XS functions to assist in parsing keyword syntax"
LaTeXML-0.8.6_2,2021-09-23T16:54:15,BRMILLER,cpan,developer,0.8.6_2,,LaTeXML,"transforms TeX and LaTeX into XML/HTML/MathML"
App-GhostWork-0.04,2021-09-23T15:26:59,INA,cpan,released,0.04,,App-GhostWork,"Barcode Logger(When,Where,Who,What,toWhich,Why,Howmanysec)"
Minion-Backend-MongoDB-1.10,2021-09-23T14:34:42,EBRUNI,latest,released,1.10,,Minion-Backend-MongoDB,"MongoDB backend for Minion"
Quiq-1.195,2021-09-23T12:57:41,FSEITZ,latest,released,1.195,,Quiq,"Class library for rapid development"
App-cpm-0.997007,2021-09-23T12:23:25,SKAJI,latest,released,0.997007,,App-cpm,"a fast CPAN module installer"
Gherkin-22.0.0,2021-09-23T12:14:20,CUKEBOT,latest,released,22.0.0,,Gherkin,"A parser and compiler for the Gherkin language"
App-Greple-subst-2.2901,2021-09-23T08:18:09,UTASHIRO,cpan,released,2.2901,,App-Greple-subst,"Greple module for text search and substitution"
Locale-Utils-Autotranslator-1.016,2021-09-23T07:51:16,STEFFENW,latest,released,1.016,,Locale-Utils-Autotranslator,"Locale::Utils::Autotranslator - Interface for machine translation"
App-GhostWork-0.03,2021-09-23T06:03:49,INA,cpan,released,0.03,,App-GhostWork,"Barcode Logger(When,Where,Who,What,toWhich,Why,Howmanysec)"
Stats-Hawking-0.1.3,2021-09-23T00:21:44,KOBOLDWIZ,latest,released,v0.1.3,,Stats-Hawking,"Perl extension for enhancing Random Number generators using Hawking Temperature in a Boltzmann Function/Distribution and a seed random."
Term-ANSIColor-Conditional-0.009,2021-09-23T00:06:15,PERLANCAR,latest,released,0.009,,Term-ANSIColor-Conditional,"Colorize text only if color is enabled"
Stats-Fermi-0.1.7,2021-09-22T23:44:18,KOBOLDWIZ,latest,released,v0.1.7,,Stats-Fermi,"Perl extension for Fermi, Boltzmann potentials"
Stats-Fermi-0.1.6,2021-09-22T23:37:29,KOBOLDWIZ,cpan,released,v0.1.6,,Stats-Fermi,"Perl extension for Fermi, Boltzmann potentials"
Stats-Hawking-0.1.2,2021-09-22T23:33:17,KOBOLDWIZ,cpan,released,v0.1.2,,Stats-Hawking,"Perl extension for enhancing Random Number generators using Hawking Temperature in a Boltzmann Function/Distribution and a seed random."
Convert-ASN1-0.33,2021-09-22T22:51:23,TIMLEGGE,latest,released,0.33,,Convert-ASN1,"Convert between perl data structures and ASN.1 encoded packets"
Unisyn-Parse-20210922,2021-09-22T21:50:56,PRBRENAN,cpan,released,20210922,,Unisyn-Parse,"Parse a Unisyn expression."
SNMP-Info-3.80,2021-09-22T21:44:26,OLIVER,latest,released,3.80,,SNMP-Info,"OO Interface to Network devices and MIBs through SNMP"
Nasm-X86-20210921,2021-09-22T21:41:31,PRBRENAN,cpan,released,20210921,,Nasm-X86,"Generate X86 assembler code using Perl as a macro pre-processor."
Bio-MUST-Core-0.212650,2021-09-22T20:43:48,DBAURAIN,backpan,released,0.212650,,Bio-MUST-Core,"Core classes and utilities for Bio::MUST"
GraphQL-Plugin-Convert-OpenAPI-0.22,2021-09-22T20:25:50,ETJ,latest,released,0.22,,GraphQL-Plugin-Convert-OpenAPI,"convert OpenAPI schema to GraphQL schema"
Math-BigInt-FastCalc-0.5011,2021-09-22T18:05:33,PJACKLAM,latest,released,0.5011,,Math-BigInt-FastCalc,"Math::BigInt::Calc with some XS for more speed"
Test2-Harness-UI-0.000086,2021-09-22T17:44:27,EXODIST,latest,released,0.000086,,Test2-Harness-UI,"Web interface for viewing and inspecting yath test logs"
Test2-Harness-UI-0.000085,2021-09-22T16:35:32,EXODIST,cpan,released,0.000085,,Test2-Harness-UI,"Web interface for viewing and inspecting yath test logs"
Const-Exporter-v1.2.1,2021-09-22T15:33:26,RRWO,latest,released,v1.2.1,,Const-Exporter,"Declare constants for export."
Locale-Utils-Autotranslator-1.015,2021-09-22T14:53:58,STEFFENW,backpan,released,1.015,,Locale-Utils-Autotranslator,"Locale::Utils::Autotranslator - Interface for machine translation"
TestRail-API-0.049,2021-09-22T13:40:10,TEODESIAN,latest,released,0.049,,TestRail-API,"Provides an interface to TestRail's REST api via HTTP"
Math-GMPq-0.47,2021-09-22T12:04:55,SISYPHUS,latest,released,0.47,,Math-GMPq,"Perl interface to the GMP rational functions"
App-Greple-subst-2.29,2021-09-22T10:24:29,UTASHIRO,cpan,released,2.29,,App-Greple-subst,"Greple module for text search and substitution"
Bitcoin-Crypto-1.002,2021-09-22T10:23:02,BRTASTIC,latest,released,1.002,,Bitcoin-Crypto,"Bitcoin cryptography in Perl"
Monoceros-0.28,2021-09-22T07:52:18,KAZEBURO,latest,released,0.28,,Monoceros,"PSGI/Plack server with event driven connection manager, preforking workers"
Config-Tiny-2.27,2021-09-22T06:46:26,RSAVAGE,latest,released,2.27,,Config-Tiny,"Read/Write .ini style files with as little code as possible"
Grizzly-0.103,2021-09-22T06:01:51,NOBUNAGA,latest,released,0.103,,Grizzly,"Grizzly - A command-line interface for looking up stock quote."
WWW-ELISA-0.07,2021-09-22T05:48:55,VPEIL,latest,released,0.07,,WWW-ELISA,"a module for working the the REST API ELi:SA (https://elisa.hbz-nrw.de/)"
XML-MyXML-1.07,2021-09-22T03:18:33,KARJALA,latest,released,1.07,,XML-MyXML,"A simple-to-use XML module, for parsing and creating XML documents"
App-GitHubUtils-0.007,2021-09-22T00:05:20,PERLANCAR,latest,released,0.007,,App-GitHubUtils,"Utilities related to GitHub"
Convert-ASN1-0.32-TRIAL,2021-09-21T21:46:25,TIMLEGGE,cpan,developer,0.32,,Convert-ASN1,"Convert between perl data structures and ASN.1 encoded packets"
Number-Phone-3.8001,2021-09-21T21:23:31,DCANTRELL,latest,released,3.8001,,Number-Phone,"base class for Number::Phone::* modules"
FFI-ExtractSymbols-0.06,2021-09-21T20:48:59,PLICEASE,latest,released,0.06,,FFI-ExtractSymbols,"Extract symbol names from a shared object or DLL"
XS-Parse-Keyword-0.16,2021-09-21T20:23:18,PEVANS,cpan,released,0.16,,XS-Parse-Keyword,"XS functions to assist in parsing keyword syntax"
Test2-Harness-1.000073,2021-09-21T18:46:03,EXODIST,latest,released,1.000073,,Test2-Harness,"A new and improved test harness with better Test2 integration."
PGPLOT-Device-0.12,2021-09-21T18:21:45,DJERIUS,latest,released,0.12,,PGPLOT-Device,"autogenerate PGPLOT device names"
WebService-GoShippo-0.0002,2021-09-21T17:29:46,COLINK,latest,released,0.0002,,WebService-GoShippo,"A simple client to Shippo's REST API."
Test2-Plugin-Cover-0.000025,2021-09-21T16:32:41,EXODIST,latest,released,0.000025,,Test2-Plugin-Cover,"Fast and Minimal file coverage info."
Redis-OpenTracing-v0.1.1,2021-09-21T15:37:54,VANHOESEL,cpan,released,v0.1.1,,Redis-OpenTracing,"Wrap Redis inside OpenTracing"
Math-BigInt-1.999824,2021-09-21T15:09:31,PJACKLAM,latest,released,1.999824,,Math-BigInt,"Pure Perl module to test Math::BigInt with scalars"
Locale-Utils-Autotranslator-1.014,2021-09-21T14:50:12,STEFFENW,backpan,released,1.014,,Locale-Utils-Autotranslator,"Locale::Utils::Autotranslator - Interface for machine translation"
WWW-Mechanize-2.05,2021-09-21T14:23:14,OALDERS,latest,released,2.05,,WWW-Mechanize,"Handy web browsing in a Perl object"
App-GhostWork-0.02,2021-09-21T14:00:15,INA,cpan,released,0.02,,App-GhostWork,"Barcode Logger(When,Where,Who,What,toWhich,Why)"
WWW-ELISA-0.06,2021-09-21T13:28:26,VPEIL,cpan,released,0.06,,WWW-ELISA,"a module for working the the REST API ELi:SA (https://elisa.hbz-nrw.de/)"
Games-TabNoun-0.004,2021-09-21T13:17:57,PERLANCAR,latest,released,0.004,,Games-TabNoun,"Select nouns from list of words, as fast as possible"
Media-Convert-1.0.0,2021-09-21T11:02:47,WOUTER,latest,released,v1.0.0,1,Media-Convert,"a Moose-based library to work with media assets"
Alien-libvterm-0.01_002,2021-09-21T10:20:58,PEVANS,cpan,developer,0.01_002,,Alien-libvterm,"Alien wrapping for libvterm"
App-ansicolumn-1.13,2021-09-21T09:44:01,UTASHIRO,cpan,released,1.13,,App-ansicolumn,"ANSI sequence aware column command"
SPVM-0.9014,2021-09-21T04:53:09,KIMOTO,cpan,released,0.9014,,SPVM,"Static Perl Virtual Machine. Fast Calculation, Fast Array Operation, and Easy C/C++ Binding."
Games-TabNoun-0.003,2021-09-21T04:41:26,PERLANCAR,backpan,released,0.003,,Games-TabNoun,"Select nouns from list of words, as fast as possible"
JSON-Schema-Modern-0.519,2021-09-21T03:58:44,ETHER,cpan,released,0.519,,JSON-Schema-Modern,"Validate data against a schema"
Chess-Plisco-0.2,2021-09-21T03:44:11,GUIDO,latest,released,0.2,,Chess-Plisco,"Representation of a chess position with move generator, legality checker etc."
BioX-Seq-0.008002,2021-09-21T03:03:15,VOLKENING,latest,released,0.008002,,BioX-Seq,"a (very) basic biological sequence object"
Games-TabRace-0.010,2021-09-21T02:27:36,PERLANCAR,latest,released,0.010,,Games-TabRace,"Type numbers digit by digit, as fast as you can"
Games-TabNoun-0.002,2021-09-21T01:26:43,PERLANCAR,backpan,released,0.002,,Games-TabNoun,"Select nouns from list of words, as fast as possible"
Games-TabNoun-0.001,2021-09-21T01:16:17,PERLANCAR,backpan,released,0.001,1,Games-TabNoun,"Select nouns from list of words, as fast as possible"
WordLists-EN-Noun-0.003,2021-09-21T00:05:15,PERLANCAR,latest,released,0.003,,WordLists-EN-Noun,"Collection of English nouns"
libwww-perl-6.57,2021-09-20T20:29:02,OALDERS,latest,released,6.57,,libwww-perl,"The World-Wide Web library for Perl"
Module-CoreList-5.20210920,2021-09-20T19:56:27,BINGOS,latest,released,5.20210920,,Module-CoreList,"what modules shipped with versions of perl"
CPAN-Perl-Releases-5.20210920,2021-09-20T19:56:16,BINGOS,latest,released,5.20210920,,CPAN-Perl-Releases,"Mapping Perl releases on CPAN to the location of the tarballs"
perl-5.35.4,2021-09-20T19:46:41,WOLFSAGE,cpan,developer,5.035004,,perl,"The Perl 5 language interpreter"
Chess-Plisco-0.2.0,2021-09-20T18:05:04,GUIDO,cpan,released,0.2.0,1,Chess-Plisco,"Representation of a chess position with move generator, legality checker etc."
Log-Log4perl-Layout-JSON-0.59,2021-09-20T17:38:18,MSCHOUT,latest,released,0.59,,Log-Log4perl-Layout-JSON,"Layout a log message as a JSON hash, including MDC data"
Acme-PodOnly-0.001003,2021-09-20T15:41:56,HAARG,cpan,released,0.001003,,Acme-PodOnly,"A distribution that only contains Pod"
PDL-VectorValued-1.0.13,2021-09-20T15:32:40,MOOCOW,latest,released,v1.0.13,,PDL-VectorValued,"Assorted utilities for vector-valued PDLs"
Acme-PodOnly-0.001002,2021-09-20T15:31:13,HAARG,cpan,released,0.001002,,Acme-PodOnly,"A distribution that only contains Pod"
Acme-PodOnly-0.001001,2021-09-20T14:50:32,HAARG,cpan,released,0.001001,1,Acme-PodOnly,"A distribution that only contains Pod"
Mojo-Leds-1.10,2021-09-20T13:57:01,EBRUNI,cpan,released,1.10,,Mojo-Leds,"Leds aka Light Environment (emi) for Development System based on Mojolicious"
Metabolomics-Fragment-Annotation-0.6.5.1,2021-09-20T13:09:08,GIACOMONI,latest,released,v0.6.5,,Metabolomics-Fragment-Annotation,"Perl extension for fragment annotation in metabolomics "
PDL-Graphics-PLplot-0.78,2021-09-20T12:54:56,ETJ,latest,released,0.78,,PDL-Graphics-PLplot,"Object-oriented interface from perl/PDL to the PLPLOT plotting library"
Math-GMP-2.22,2021-09-20T12:50:50,SHLOMIF,latest,released,2.22,,Math-GMP,"High speed arbitrary size integer math"
Perl-Critic-TooMuchCode-0.17,2021-09-20T11:49:27,GUGOD,latest,released,0.17,,Perl-Critic-TooMuchCode,"perlcritic add-ons that generally check for dead code."
Mojo-Leds-1.09,2021-09-20T10:35:44,EBRUNI,cpan,released,1.09,,Mojo-Leds,"Leds aka Light Environment (emi) for Development System based on Mojolicious"
App-Rakubrew-21,2021-09-20T08:12:10,PATRICKB,latest,released,21,,App-Rakubrew,"Raku environment manager"
App-GhostWork-0.01,2021-09-20T04:41:19,INA,cpan,released,0.01,1,App-GhostWork,"Barcode Logger(When,Where,Who,What,toWhich,Why)"
WordLists-EN-Noun-0.002,2021-09-20T00:06:03,PERLANCAR,backpan,released,0.002,,WordLists-EN-Noun,"Collection of English nouns"
Devel-NYTProf-6.11,2021-09-19T21:10:30,JKEENAN,latest,released,6.11,,Devel-NYTProf,"Powerful fast feature-rich Perl source code profiler"
Number-Phone-3.8000,2021-09-19T20:07:07,DCANTRELL,cpan,released,3.8000,,Number-Phone,"base class for Number::Phone::* modules"
PDL-VectorValued-1.0.12,2021-09-19T19:15:02,MOOCOW,backpan,released,v1.0.12,,PDL-VectorValued,"Assorted utilities for vector-valued PDLs"
Git-CPAN-Patch-2.4.0,2021-09-19T16:42:51,YANICK,latest,released,2.4.0,,Git-CPAN-Patch,"Patch CPAN modules using Git"
Asm-X86-0.62,2021-09-19T14:02:28,BOGDRO,latest,released,0.62,,Asm-X86,"List of instructions and registers of x86-compatible processors, validating and converting instructions and memory references."
App-Cme-1.033,2021-09-19T13:34:47,DDUMONT,latest,released,1.033,,App-Cme,"Configuration data checker or editor based on Config::Model"
Chess-Plisco-0.1,2021-09-19T13:07:39,GUIDO,cpan,released,0.1,1,Chess-Plisco,"Representation of a chess position with move generator, legality checker etc."
App-gimpgitbuild-0.30.0,2021-09-19T12:45:38,SHLOMIF,latest,released,0.30.0,,App-gimpgitbuild,"gimp build"
Test-Prereq-Meta-0.002_01,2021-09-19T12:02:33,WYANT,cpan,developer,0.002_01,,Test-Prereq-Meta,"Test distribution prerequisites against meta data."
UnRTF-0.003,2021-09-19T10:45:16,JOENIO,latest,released,0.003,,UnRTF,"A Perl wrapper around unrtf tool"
Text-Minify-XS-v0.5.0,2021-09-19T10:31:07,RRWO,latest,released,v0.5.0,,Text-Minify-XS,"Simple text minification"
UnRTF-0.002,2021-09-19T10:30:49,JOENIO,cpan,released,0.002,,UnRTF,"A Perl wrapper around unrtf tool"
Mojolicious-Plugin-Text-Minify-v0.2.1,2021-09-19T10:29:22,RRWO,latest,released,v0.2.1,,Mojolicious-Plugin-Text-Minify,"remove HTML indentation on the fly"
Plack-Middleware-Text-Minify-v0.2.1,2021-09-19T10:26:33,RRWO,latest,released,v0.2.1,,Plack-Middleware-Text-Minify,"minify text responses on the fly"
mb-JSON-0.02,2021-09-19T01:26:40,INA,latest,released,0.02,,mb-JSON,"a simple JSON parser for multibyte string"
WordLists-EN-Noun-0.001,2021-09-19T00:05:33,PERLANCAR,backpan,released,0.001,1,WordLists-EN-Noun,"Collection of English nouns"
JSON-Schema-Modern-0.518,2021-09-18T22:03:24,ETHER,cpan,released,0.518,,JSON-Schema-Modern,"Validate data against a schema"
Game-FaceGenerator-1,2021-09-18T22:00:32,SCHROEDER,latest,released,1,1,Game-FaceGenerator,"a web app to combina random images into faces"
App-japerl-0.14,2021-09-18T18:20:37,INA,latest,released,0.14,,App-japerl,"JPerl-again Perl glocalization scripting environment"
Unisyn-Parse-20210918,2021-09-18T15:11:06,PRBRENAN,cpan,released,20210918,,Unisyn-Parse,"Parse a Unisyn expression."
Nasm-X86-20210918,2021-09-18T15:10:55,PRBRENAN,cpan,released,20210918,,Nasm-X86,"Generate X86 assembler code using Perl as a macro pre-processor."
Data-Table-Text-20210915,2021-09-18T15:10:44,PRBRENAN,latest,released,20210915,,Data-Table-Text,"Write data in tabular text format"
App-dumpbin-0.02,2021-09-18T14:40:11,SANKO,latest,released,0.02,,App-dumpbin,"It's a PE Parser!"
Form-Tiny-2.02,2021-09-18T14:24:56,BRTASTIC,latest,released,2.02,,Form-Tiny,"Input validator implementation centered around Type::Tiny"
Zonemaster-Engine-v4.2.3,2021-09-18T14:05:14,ZNMSTR,latest,released,4.002003,,Zonemaster-Engine,"A tool to check the quality of a DNS zone"
Zonemaster-Backend-7.0.0,2021-09-18T14:05:03,ZNMSTR,latest,released,7.0.0,,Zonemaster-Backend,"A system for running Zonemaster tests asynchronously through an RPC-API"
Text-Minify-XS-v0.4.10-TRIAL,2021-09-18T12:55:30,RRWO,backpan,developer,v0.4.10,,Text-Minify-XS,"Simple text minification"
Sub-Meta-0.14,2021-09-18T11:47:46,KFLY,latest,released,0.14,,Sub-Meta,"handle subroutine meta information"
Tk-Markdown-0.06,2021-09-18T10:49:29,ASB,latest,released,0.06,,Tk-Markdown,"display Markdown in a Text"
Alien-PortMidi-0.03-TRIAL,2021-09-18T10:46:43,JBARRETT,cpan,developer,0.03,,Alien-PortMidi,"Install the Mixxx fork of PortMidi"
Alien-RtMidi-0.04,2021-09-18T10:35:05,JBARRETT,latest,released,0.04,,Alien-RtMidi,"Install RtMidi"
mb-JSON-0.01,2021-09-18T05:53:37,INA,cpan,released,0.01,1,mb-JSON,"a simple JSON parser for multibyte string"
SPVM-0.9013,2021-09-18T03:07:32,KIMOTO,cpan,released,0.9013,,SPVM,"Static Perl Virtual Machine. Fast Calculation, Fast Array Operation, and Easy C/C++ Binding."
Bencher-Scenario-SamplingFromList-0.002,2021-09-18T00:24:32,PERLANCAR,latest,released,0.002,,Bencher-Scenario-SamplingFromList,"Benchmark random sampling from a list"
Acme-CPANModules-PickingRandomItemsFromList-0.002,2021-09-18T00:24:21,PERLANCAR,latest,released,0.002,,Acme-CPANModules-PickingRandomItemsFromList,"Picking random items from a list"
App-OrgUtils-0.482,2021-09-18T00:06:04,PERLANCAR,latest,released,0.482,,App-OrgUtils,"Some utilities for Org documents"
App-ansiecho-0.04,2021-09-17T23:30:27,UTASHIRO,latest,released,0.04,,App-ansiecho,"Command to produce ANSI terminal code"
Text-Minify-XS-v0.4.9-TRIAL,2021-09-17T21:41:49,RRWO,backpan,developer,v0.4.9,,Text-Minify-XS,"Simple text minification"
RapidApp-1.3404,2021-09-17T21:15:10,VANSTYN,latest,released,1.3404,,RapidApp,"Turnkey ajaxy webapps"
App-Bootstrap-Perl-0.18,2021-09-17T20:11:34,SCHWIGON,latest,released,0.18,,App-Bootstrap-Perl,"Bootstrap Perl inclusive CPAN from git"
App-perlimports-0.000019,2021-09-17T19:24:17,OALDERS,cpan,released,0.000019,,App-perlimports,"Make implicit imports explicit"
App-dumpbin-0.01,2021-09-17T18:04:33,SANKO,cpan,released,0.01,1,App-dumpbin,"It's a PE Parser!"
Alien-RtMidi-0.04-TRIAL,2021-09-17T17:08:51,JBARRETT,backpan,developer,0.04,,Alien-RtMidi,"Install RtMidi"
Term-Choose-1.739,2021-09-17T15:27:27,KUERBIS,cpan,released,1.739,,Term-Choose,"Choose items from a list interactively."
Cucumber-Messages-17.1.1,2021-09-17T15:26:01,CUKEBOT,latest,released,17.1.1,,Cucumber-Messages,"A library for (de)serializing Cucumber protocol messages"
App-Rakubrew-20,2021-09-17T14:20:37,PATRICKB,cpan,released,20,,App-Rakubrew,"Raku environment manager"
Test-Simple-1.302187,2021-09-17T14:00:37,EXODIST,latest,released,1.302187,,Test-Simple,"Basic utilities for writing tests."
AI-Perceptron-Simple-1.04,2021-09-17T12:49:44,ELLEDNERA,latest,released,1.04,,AI-Perceptron-Simple,"A Newbie Friendly Module to Create, Train, Validate and Test Perceptrons / Neurons"
Benchmark-Perl-Formance-0.55,2021-09-17T12:36:46,SCHWIGON,latest,released,0.55,,Benchmark-Perl-Formance,"Perl 5 performance benchmarking framework"
BankAccount-Validator-UK-0.59,2021-09-17T12:30:00,MANWAR,latest,released,0.59,,BankAccount-Validator-UK,"Interface to validate UK bank account."
Term-Choose-1.738,2021-09-17T07:28:48,KUERBIS,cpan,released,1.738,,Term-Choose,"Choose items from a list interactively."
AsposeCellsCloud-CellsApi-21.8,2021-09-17T07:26:59,ASPOSE,latest,released,21.8,,AsposeCellsCloud-CellsApi,"Aspose.Cells Cloud SDK for Perl"
Catmandu-1.2016,2021-09-17T07:10:23,NICS,latest,released,1.2016,,Catmandu,"a data toolkit"
Getopt-EX-Hashed-0.9919,2021-09-17T06:53:43,UTASHIRO,cpan,released,0.9919,,Getopt-EX-Hashed,"Hash store object automation"
App-DiffTarballs-0.005,2021-09-17T00:05:50,PERLANCAR,latest,released,0.005,,App-DiffTarballs,"Diff contents of two tarballs"
RapidApp-1.3403,2021-09-16T23:49:27,VANSTYN,cpan,released,1.3403,,RapidApp,"Turnkey ajaxy webapps"
PDL-VectorValued-1.0.11,2021-09-16T18:51:15,MOOCOW,backpan,released,v1.0.11,,PDL-VectorValued,"Assorted utilities for vector-valued PDLs"
Lab-Measurement-3.772,2021-09-16T17:12:53,AKHUETTEL,latest,released,3.772,,Lab-Measurement,"Test and measure with Perl"
Alien-RtMidi-0.03-TRIAL,2021-09-16T16:53:46,JBARRETT,backpan,developer,0.03,,Alien-RtMidi,"Install RtMidi"
Test-Pod-LinkCheck-Lite-0.007_02,2021-09-16T15:47:58,WYANT,cpan,developer,0.007_02,,Test-Pod-LinkCheck-Lite,"Test POD links"
PDF-API2-2.042,2021-09-16T15:32:22,SSIMMS,latest,released,2.042,,PDF-API2,"Create, modify, and examine PDF files"
Acme-CPANAuthors-Czech-0.30,2021-09-16T14:12:34,SKIM,latest,released,0.30,,Acme-CPANAuthors-Czech,"We are Czech CPAN authors."
Kossy-0.60,2021-09-16T12:04:39,KAZEBURO,latest,released,0.60,,Kossy,"Sinatra-ish Simple and Clear web application framework"
HTTP-Any-1.01,2021-09-16T11:06:11,KNI,latest,released,1.01,,HTTP-Any,"HTTP::Any - a common interface for HTTP clients (LWP, AnyEvent::HTTP, Curl)"
RT-Extension-HistoryFilter-3.02,2021-09-16T09:33:51,CLOOS,latest,released,3.02,,RT-Extension-HistoryFilter,"Filter history by type on ticket display page"
Text-Minify-XS-v0.4.8,2021-09-16T09:00:46,RRWO,cpan,released,v0.4.8,,Text-Minify-XS,"Simple text minification"
Game-TextMapper-1.03,2021-09-16T08:46:37,SCHROEDER,latest,released,1.03,,Game-TextMapper,"a web app to generate maps based on text files"
Date-Holidays-AU-0.27,2021-09-16T07:46:57,DDICK,latest,released,0.27,,Date-Holidays-AU,"Determine Australian Public Holidays"
HTTP-Any-1.00,2021-09-16T07:17:28,KNI,backpan,released,1.00,,HTTP-Any,"HTML::Any - a common interface for HTTP clients (LWP, AnyEvent::HTTP, Curl)"
JSON-Validator-4.24,2021-09-16T06:03:03,JHTHORSEN,cpan,released,4.24,,JSON-Validator,"Validate data against a JSON schema"
App-Bootstrap-Perl-0.17,2021-09-16T00:32:05,SCHWIGON,cpan,released,0.17,,App-Bootstrap-Perl,"Bootstrap Perl inclusive CPAN from git"
Benchmark-Perl-Formance-0.54,2021-09-16T00:29:23,SCHWIGON,cpan,released,0.54,,Benchmark-Perl-Formance,"Perl 5 performance benchmarking framework"
App-MetaCPANUtils-0.005,2021-09-16T00:05:04,PERLANCAR,latest,released,0.005,,App-MetaCPANUtils,"CLI utilities related to MetaCPAN"
Dist-Zilla-Plugin-InsertBlock-0.103,2021-09-15T23:40:42,PERLANCAR,latest,released,0.103,,Dist-Zilla-Plugin-InsertBlock,"Insert a block of text from another file"
PDL-LinearAlgebra-0.22,2021-09-15T22:06:45,ETJ,cpan,released,0.22,,PDL-LinearAlgebra,"PDL bindings to some BLAS and LAPACK library routines"
Alien-PortMidi-0.02-TRIAL,2021-09-15T17:58:55,JBARRETT,backpan,developer,0.02,,Alien-PortMidi,"Install the Mixxx fork of PortMidi"
Text-Minify-XS-v0.4.7,2021-09-15T14:35:27,RRWO,backpan,released,v0.4.7,,Text-Minify-XS,"Simple text minification"
Data-Record-Serialize-0.32,2021-09-15T14:06:30,DJERIUS,latest,released,0.32,,Data-Record-Serialize,"Flexible serialization of a record"
Data-Text-0.04,2021-09-15T11:37:27,NHORNE,latest,released,0.04,,Data-Text,"Class to handle text in an OO way"
Mail-AuthenticationResults-2.20210915,2021-09-15T11:11:01,MBRADSHAW,latest,released,2.20210915,,Mail-AuthenticationResults,"Object Oriented Authentication-Results Headers"
Dist-Zilla-Plugin-InsertBlock-0.102,2021-09-15T00:05:52,PERLANCAR,backpan,released,0.102,,Dist-Zilla-Plugin-InsertBlock,"Insert a block of text from another file"
MediaWiki-Bot-5.006004,2021-09-14T22:46:03,SETH,latest,released,5.006004,,MediaWiki-Bot,"a high-level bot framework for interacting with MediaWiki wikis"
Alien-gdal-1.26,2021-09-14T22:16:47,SLAFFAN,latest,released,1.26,,Alien-gdal,"Alien package for the Geospatial Data Abstraction Library (GDAL)"
Test-Pod-LinkCheck-Lite-0.007_01,2021-09-14T21:53:50,WYANT,cpan,developer,0.007_01,,Test-Pod-LinkCheck-Lite,"Test POD links"
Git-Hooks-3.2.0,2021-09-14T21:41:32,GNUSTAVO,latest,released,3.2.0,,Git-Hooks,"Framework for implementing Git (and Gerrit) hooks"
fka9sxOL,2021-09-14T20:51:52,SEGOMOS,backpan,released,0,1,fka9sxOL,
Redis-OpenTracing-v0.1.0,2021-09-14T19:33:24,VANHOESEL,cpan,released,v0.1.0,,Redis-OpenTracing,"Wrap Redis inside OpenTracing"
Locale-Places-0.06,2021-09-14T17:53:09,NHORNE,latest,released,0.06,,Locale-Places,"Translate places using http://download.geonames.org/"
Alien-PortMidi-0.01-TRIAL,2021-09-14T17:49:08,JBARRETT,backpan,developer,0.01,1,Alien-PortMidi,"Install the Mixxx fork of PortMidi"
Valiant-0.001008,2021-09-14T14:58:28,JJNAPIORK,latest,released,0.001008,,Valiant,"Validation Library"
Tickit-Widget-Term-0.005,2021-09-14T14:22:52,PEVANS,latest,released,0.005,,Tickit-Widget-Term,"a widget containing a virtual terminal"
Text-Minify-XS-v0.4.6,2021-09-14T12:26:35,RRWO,backpan,released,v0.4.6,,Text-Minify-XS,"Simple text minification"
Mojolicious-Plugin-OpenAPI-4.06,2021-09-14T12:09:36,JHTHORSEN,latest,released,4.06,,Mojolicious-Plugin-OpenAPI,"OpenAPI / Swagger plugin for Mojolicious"
CtrlO-PDF-0.21,2021-09-14T10:29:42,ABEVERLEY,latest,released,0.21,,CtrlO-PDF,"high level PDF creator"
Mail-AuthenticationResults-2.20210914,2021-09-14T05:19:21,MBRADSHAW,cpan,released,2.20210914,,Mail-AuthenticationResults,"Object Oriented Authentication-Results Headers"
String-Random-0.32,2021-09-14T05:17:55,SHLOMIF,latest,released,0.32,,String-Random,"Perl module to generate random strings based on a pattern"
Mail-Milter-Authentication-3.20210914,2021-09-14T04:07:02,MBRADSHAW,latest,released,3.20210914,,Mail-Milter-Authentication,"A Perl Mail Authentication Milter"
Playwright-0.015,2021-09-14T01:53:17,TEODESIAN,latest,released,0.015,,Playwright,"Perl client for Playwright"
Unisyn-Parse-20210915,2021-09-14T00:12:03,PRBRENAN,cpan,released,20210915,,Unisyn-Parse,"Parse a Unisyn expression."
Nasm-X86-20210915,2021-09-14T00:11:52,PRBRENAN,cpan,released,20210915,,Nasm-X86,"Generate X86 assembler code using Perl as a macro pre-processor."
App-lcpan-Manual-1.065.000,2021-09-14T00:05:13,PERLANCAR,latest,released,1.065.000,,App-lcpan-Manual,"Manual for App::lcpan"
Nasm-X86-20210914,2021-09-13T23:49:43,PRBRENAN,cpan,released,20210914,,Nasm-X86,"Generate X86 assembler code using Perl as a macro pre-processor."
Data-Record-Serialize-0.31,2021-09-13T22:36:42,DJERIUS,cpan,released,0.31,,Data-Record-Serialize,"Flexible serialization of a record"
Statistics-Descriptive-PDL-0.12,2021-09-13T22:18:39,SLAFFAN,latest,released,0.12,,Statistics-Descriptive-PDL,"A close to drop-in replacement for Statistics::Descriptive using PDL as the back-end"
Data-Text-0.03,2021-09-13T21:55:23,NHORNE,cpan,released,0.03,,Data-Text,"Class to handle text in an OO way"
URI-Fast-0.55,2021-09-13T19:43:34,JEFFOBER,latest,released,0.55,,URI-Fast,"A fast(er) URI parser"
Comics-1.19,2021-09-13T19:13:01,JV,latest,released,1.19,,Comics,"Comics aggregator in the style of Gotblah"
Data-Text-0.02,2021-09-13T18:46:15,NHORNE,cpan,released,0.02,,Data-Text,"Class to handle text in an OO way"
Test2-Harness-1.000072,2021-09-13T16:36:20,EXODIST,cpan,released,1.000072,,Test2-Harness,"A new and improved test harness with better Test2 integration."
Proc-ProcessTable-0.62,2021-09-13T14:03:14,JWB,cpan,released,0.62,,Proc-ProcessTable,"Perl extension to access the unix process table"
Test-Mock-LWP-Distilled-JSON-1.000,2021-09-13T13:47:48,SKINGTON,latest,released,1.000,,Test-Mock-LWP-Distilled-JSON,"JSON support for Test::Mock::LWP::Distilled"
Test-Mock-LWP-Distilled-1.000,2021-09-13T13:44:59,SKINGTON,latest,released,1.000,,Test-Mock-LWP-Distilled,"make and use LWP mocks, distilled to their essence"
Locale-Places-0.05,2021-09-13T13:34:29,NHORNE,cpan,released,0.05,,Locale-Places,"Translate places using http://download.geonames.org/"
Graph-0.9724,2021-09-13T12:56:25,ETJ,latest,released,0.9724,,Graph,"graph data structures and algorithms"
Statistics-Descriptive-PDL-0.11,2021-09-13T11:41:39,SLAFFAN,cpan,released,0.11,,Statistics-Descriptive-PDL,"A close to drop-in replacement for Statistics::Descriptive using PDL as the back-end"
App-SQLiteUtils-0.005,2021-09-13T10:09:16,PERLANCAR,cpan,released,0.005,,App-SQLiteUtils,"Utilities related to SQLite"
App-SQLiteUtils-0.004,2021-09-13T10:09:04,PERLANCAR,backpan,released,0.004,,App-SQLiteUtils,"Utilities related to SQLite"
Text-Minify-XS-v0.4.5,2021-09-13T09:30:58,RRWO,backpan,released,v0.4.5,,Text-Minify-XS,"Simple text minification"
Statistics-Descriptive-PDL-0.10,2021-09-13T06:17:38,SLAFFAN,backpan,released,0.10,,Statistics-Descriptive-PDL,"A close to drop-in replacement for Statistics::Descriptive using PDL as the back-end"
Statistics-Descriptive-PDL-0.09,2021-09-13T03:15:30,SLAFFAN,backpan,released,0.09,,Statistics-Descriptive-PDL,"A close to drop-in replacement for Statistics::Descriptive using PDL as the back-end"
Devel-Git-MultiBisect-0.20,2021-09-13T02:33:13,JKEENAN,latest,released,0.20,,Devel-Git-MultiBisect,"Study build or test output over a range of git commits"
WWW-Search-PubMed-1.004_02,2021-09-13T02:29:12,GWILLIAMS,cpan,developer,1.001,,WWW-Search-PubMed,"Search the NCBI PubMed abstract database."
App-SQLiteUtils-0.003,2021-09-13T00:31:36,PERLANCAR,backpan,released,0.003,,App-SQLiteUtils,"Utilities related to SQLite"
Test-Module-Features-0.002,2021-09-13T00:05:59,PERLANCAR,latest,released,0.002,,Test-Module-Features,"Test feature set specifications and features declarations"
DateTime-Calendar-Christian-0.11_01,2021-09-12T23:43:04,WYANT,cpan,developer,0.11_01,,DateTime-Calendar-Christian,"Dates in the Christian (combined Julian/Gregorian) calendar"
DateTime-Calendar-Julian-0.105_01,2021-09-12T23:37:47,WYANT,cpan,developer,0.105_01,,DateTime-Calendar-Julian,"DateTime object in the Julian calendar"
JSONSchema-Validator-0.008,2021-09-12T21:39:29,LOGIONIZ,latest,released,0.008,,JSONSchema-Validator,"Validator for JSON Schema Draft4/Draft6/Draft7 and OpenAPI Specification 3.0"
Unisyn-Parse-20210912,2021-09-12T21:22:47,PRBRENAN,cpan,released,20210912,,Unisyn-Parse,"Parse a Unisyn expression."
Nasm-X86-20210912,2021-09-12T20:55:55,PRBRENAN,cpan,released,20210912,,Nasm-X86,"Generate X86 assembler code using Perl as a macro pre-processor."
Data-Text-0.01,2021-09-12T20:44:16,NHORNE,backpan,released,0.01,1,Data-Text,"Class to handle text in an OO way"
App-DocKnot-5.00,2021-09-12T20:10:41,RRA,latest,released,5.00,,App-DocKnot,"Package documentation generator"
RT-Extension-TemplateTickets-0.01,2021-09-12T18:47:11,AJWOOD,latest,released,0.01,1,RT-Extension-TemplateTickets,"Designate tickets as templates for new tickets"
Perl-PrereqScanner-NotQuiteLite-0.9914,2021-09-12T18:27:07,ISHIGAKI,latest,released,0.9914,,Perl-PrereqScanner-NotQuiteLite,"a tool to scan your Perl code for its prerequisites"
Scalar-List-Utils-1.59,2021-09-12T16:49:16,PEVANS,latest,released,1.59,,Scalar-List-Utils,"Common Scalar and List utility subroutines"
Database-Async-Engine-PostgreSQL-0.012,2021-09-12T16:43:04,TEAM,latest,released,0.012,,Database-Async-Engine-PostgreSQL,"PostgreSQL support for Database::Async"
Database-Async-0.016,2021-09-12T16:41:37,TEAM,latest,released,0.016,,Database-Async,"database interface for use with IO::Async"
Scalar-List-Utils-1.58,2021-09-12T16:33:32,PEVANS,backpan,released,1.58,,Scalar-List-Utils,"Common Scalar and List utility subroutines"
App-optex-v0.5.1,2021-09-12T13:55:22,UTASHIRO,latest,released,v0.5.1,,App-optex,"optex command module direcrtory"
File-Rename-1.30_02,2021-09-12T10:54:52,RMBARKER,cpan,developer,1.30_02,,File-Rename,"Perl extension for renaming multiple files"
Text-Minify-XS-v0.4.4,2021-09-12T10:49:30,RRWO,backpan,released,v0.4.4,,Text-Minify-XS,"Simple text minification"
Travel-Status-DE-IRIS-1.60,2021-09-12T07:48:46,DERF,latest,released,1.60,,Travel-Status-DE-IRIS,"Interface to IRIS based web departure monitors."
Game-TextMapper-1.02,2021-09-12T06:44:09,SCHROEDER,backpan,released,1.02,,Game-TextMapper,"a web app to generate maps based on text files"
Getopt-EX-Hashed-0.9918,2021-09-12T03:01:58,UTASHIRO,cpan,released,0.9918,,Getopt-EX-Hashed,"Hash store object automation"
Statistics-Descriptive-PDL-0.08,2021-09-12T02:46:26,SLAFFAN,backpan,released,0.08,,Statistics-Descriptive-PDL,"A close to drop-in replacement for Statistics::Descriptive using PDL as the back-end"
Jacode4e-2.13.6.18,2021-09-12T02:28:19,INA,latest,released,2.13.6.18,1,Jacode4e,"jacode.pl-like program for enterprise"
Pod-Thread-3.00,2021-09-12T02:26:52,RRA,latest,released,3.00,,Pod-Thread,"Convert POD data to the HTML macro language thread"
App-TimeZoneUtils-0.001,2021-09-12T00:05:16,PERLANCAR,latest,released,0.001,1,App-TimeZoneUtils,"An assortment of time-zone-related CLI utilities"
Tangence-0.26,2021-09-11T23:27:16,PEVANS,latest,released,0.26,,Tangence,"attribute-oriented server/client object remoting framework"
JSON-Schema-Tiny-0.010,2021-09-11T23:10:29,ETHER,latest,released,0.010,,JSON-Schema-Tiny,"Validate data against a schema, minimally"
Win32-Mechanize-NotepadPlusPlus-0.008,2021-09-11T22:09:36,PETERCJ,latest,released,0.008,,Win32-Mechanize-NotepadPlusPlus,"Automate the Windows application Notepad++"
Game-TextMapper-1.02_01,2021-09-11T19:27:57,SCHROEDER,backpan,developer,1.02,,Game-TextMapper,"a web app to generate maps based on text files"
Math-GMP-2.21,2021-09-11T16:38:39,SHLOMIF,cpan,released,2.21,,Math-GMP,"High speed arbitrary size integer math"
Scalar-List-Utils-1.57,2021-09-11T16:34:21,PEVANS,backpan,released,1.57,,Scalar-List-Utils,"Common Scalar and List utility subroutines"
App-eachperl-0.04,2021-09-11T16:10:06,PEVANS,latest,released,0.04,,App-eachperl,"a wrapper script for iterating multiple perl binaries"
IO-Term-Status-0.01,2021-09-11T16:04:45,PEVANS,latest,released,0.01,1,IO-Term-Status,"print log lines to a terminal with a running status bar"
App-Bitcoin-PaperWallet-1.01,2021-09-11T14:55:05,BRTASTIC,latest,released,1.01,,App-Bitcoin-PaperWallet,"Generate printable cold storage of bitcoins"
Alien-TidyHTML5-v0.3.4,2021-09-11T13:45:26,RRWO,latest,released,v0.3.4,,Alien-TidyHTML5,"Download and install HTML Tidy"
Alien-geos-af-1.008,2021-09-11T13:17:25,SLAFFAN,latest,released,1.008,,Alien-geos-af,"Alien package for GEOS - Geometry Engine, Open Source"
Perl-Critic-Policy-RegularExpressions-ProhibitEmptyAlternatives-0.005,2021-09-11T13:00:43,WYANT,latest,released,0.005,,Perl-Critic-Policy-RegularExpressions-ProhibitEmptyAlternatives,"Beware empty alternatives, because they always match."
Alien-gdal-1.25,2021-09-11T10:44:15,SLAFFAN,cpan,released,1.25,,Alien-gdal,"Alien package for the Geospatial Data Abstraction Library (GDAL)"
Mojo-mysql-1.23,2021-09-11T08:37:24,JHTHORSEN,latest,released,1.23,,Mojo-mysql,"Mojolicious and Async MySQL/MariaDB"
URI-Signature-Tiny-1.003,2021-09-11T03:48:23,ARISTOTLE,latest,released,1.003,,URI-Signature-Tiny,"Mint and verify server-signed URIs"
SQL-PatchDAG-0.102,2021-09-11T03:48:12,ARISTOTLE,latest,released,0.102,,SQL-PatchDAG,"A minimal DB schema patch manager"
JSONSchema-Validator-0.007,2021-09-11T01:17:09,LOGIONIZ,cpan,released,0.007,,JSONSchema-Validator,"Validator for JSON Schema Draft4/Draft6/Draft7 and OpenAPI Specification 3.0"
Nasm-X86-20210910,2021-09-11T01:05:26,PRBRENAN,cpan,released,20210910,,Nasm-X86,"Generate X86 assembler code using Perl as a macro pre-processor."
Text-ANSI-WideUtil-0.232,2021-09-11T00:05:46,PERLANCAR,latest,released,0.232,,Text-ANSI-WideUtil,"Routines for text containing ANSI color codes (wide-character functions only)"
Duadua-0.24,2021-09-10T22:53:47,BAYASHI,latest,released,0.24,,Duadua,"Detect User-Agent, do up again!"
Bio-MUST-Core-0.212530,2021-09-10T21:58:34,DBAURAIN,cpan,released,0.212530,,Bio-MUST-Core,"Core classes and utilities for Bio::MUST"
SQL-PatchDAG-0.101,2021-09-10T21:52:02,ARISTOTLE,backpan,released,0.101,,SQL-PatchDAG,"A minimal DB schema patch manager"
URI-Signature-Tiny-1.002,2021-09-10T21:47:57,ARISTOTLE,backpan,released,1.002,,URI-Signature-Tiny,"Mint and verify server-signed URIs"
Net-ClamAV-Client-0.1,2021-09-10T19:32:27,BYTERAZOR,latest,released,0.1,1,Net-ClamAV-Client,"A client class for the ClamAV clamd virus scanner daemon"
Game-HexDescribe-1,2021-09-10T19:00:36,SCHROEDER,backpan,released,1,1,Game-HexDescribe,"a web app to add random table driven data to map data"
Net-APNS-Simple-0.07,2021-09-10T17:04:17,ROCKBONE,latest,released,0.07,,Net-APNS-Simple,"APNS Perl implementation"
Game-TextMapper-1.01,2021-09-10T16:36:14,SCHROEDER,backpan,released,1.01,,Game-TextMapper,"a web app to generate maps based on text files"
App-optex-v0.5,2021-09-10T15:50:15,UTASHIRO,cpan,released,v0.5,,App-optex,"optex command module direcrtory"
Test2-Tools-LoadModule-0.006_01,2021-09-10T13:19:58,WYANT,cpan,developer,0.006_01,,Test2-Tools-LoadModule,"Test whether a module can be successfully loaded."
Prima-1.63,2021-09-10T12:42:59,KARASIK,latest,released,1.63,,Prima,"a perl graphic toolkit"
Perl5-Build-Warnings-0.05,2021-09-10T12:19:56,JKEENAN,latest,released,0.05,,Perl5-Build-Warnings,"Parse make output for build-time warnings"
App-Bitcoin-PaperWallet-1.00,2021-09-10T12:05:45,BRTASTIC,cpan,released,1.00,1,App-Bitcoin-PaperWallet,"Generate printable cold storage of bitcoins"
Math-ProvablePrime-0.51,2021-09-10T11:53:47,FELIPE,latest,released,0.51,,Math-ProvablePrime,"Generate a provable prime number, in pure Perl"
BankAccount-Validator-UK-0.58,2021-09-10T11:52:20,MANWAR,cpan,released,0.58,,BankAccount-Validator-UK,"Interface to validate UK bank account."
Game-TextMapper-1.01_01,2021-09-10T10:11:13,SCHROEDER,backpan,developer,1.01,,Game-TextMapper,"a web app to generate maps based on text files"
Text-Minify-XS-v0.4.3,2021-09-10T07:39:21,RRWO,backpan,released,v0.4.3,,Text-Minify-XS,"Simple text minification"
SPVM-0.9012,2021-09-10T06:35:31,KIMOTO,cpan,released,0.9012,,SPVM,"Static Perl Virtual Machine. Fast Calculation, Fast Array Operation, and Easy C/C++ Binding."
Config-XrmDatabase-0.06,2021-09-10T06:18:39,DJERIUS,latest,released,0.06,,Config-XrmDatabase,"Pure Perl X Resource Manager Database"
App-GitHub-Repository-0.0.4,2021-09-10T05:58:10,JMERELO,latest,released,0.0.4,,App-GitHub-Repository,"[One line description of module's purpose here]"
RxPerl-v6.8.1,2021-09-10T04:56:39,KARJALA,latest,released,v6.8.1,,RxPerl,"an implementation of Reactive Extensions / rxjs for Perl"
Acme-CPANModules-PAUSE-0.001,2021-09-10T02:56:29,PERLANCAR,latest,released,0.001,1,Acme-CPANModules-PAUSE,"Modules that interact with PAUSE, the Perl Authors Upload Server"
Config-XrmDatabase-0.05,2021-09-10T02:19:27,DJERIUS,cpan,released,0.05,,Config-XrmDatabase,"Pure Perl X Resource Manager Database"
WWW-Salesforce-0.304,2021-09-10T01:25:54,CAPOEIRAB,latest,released,0.304,,WWW-Salesforce,"This class provides a simple SOAP client for Salesforce.com."
Game-Life-Faster-0.006,2021-09-10T00:14:59,WYANT,latest,released,0.006,,Game-Life-Faster,"Play John Horton Conway's Game of Life, hopefully faster than a naive implementation."
Math-ProvablePrime-0.51_01,2021-09-09T22:57:32,FELIPE,cpan,developer,0.51_01,,Math-ProvablePrime,"Generate a provable prime number, in pure Perl"
Passwd-Keyring-Secret-1.01,2021-09-09T21:33:46,UHLE,latest,released,1.01,,Passwd-Keyring-Secret,"Password storage implementation using the GObject-based Secret library."
MojoX-Log-Dispatch-Simple-1.11,2021-09-09T21:13:17,GRYPHON,latest,released,1.11,,MojoX-Log-Dispatch-Simple,"Simple Log::Dispatch replacement of Mojo::Log"
Playwright-0.014,2021-09-09T20:56:57,TEODESIAN,cpan,released,0.014,,Playwright,"Perl client for Playwright"
Devel-PrettyTrace-0.07,2021-09-09T19:35:58,RANDIR,latest,released,0.07,,Devel-PrettyTrace,"prints stack traces with arguments expanded into readable format"
Test2-Harness-UI-0.000084,2021-09-09T19:08:36,EXODIST,cpan,released,0.000084,,Test2-Harness-UI,"Web interface for viewing and inspecting yath test logs"
Path-Iterator-Rule-1.015,2021-09-09T16:07:55,DAGOLDEN,latest,released,1.015,,Path-Iterator-Rule,"Iterative, recursive file finder"
WebService-Postex-0.003,2021-09-09T15:09:37,WATERKIP,latest,released,0.003,,WebService-Postex,"A Postex WebService implemenation in Perl"
Gimp-2.35,2021-09-09T14:37:47,ETJ,latest,released,2.35,,Gimp,"Gimp::Fu example, mostly non-functional"
Spreadsheet-ReadSXC-0.35,2021-09-09T13:18:55,CORION,latest,released,0.35,,Spreadsheet-ReadSXC,"Extract OpenOffice 1.x spreadsheet data"
GraphQL-Plugin-Convert-OpenAPI-0.21,2021-09-09T13:14:18,ETJ,backpan,released,0.21,,GraphQL-Plugin-Convert-OpenAPI,"convert OpenAPI schema to GraphQL schema"
Bitcoin-Crypto-1.001,2021-09-09T13:11:35,BRTASTIC,cpan,released,1.001,,Bitcoin-Crypto,"Bitcoin cryptography in Perl"
Mojolicious-Plugin-Text-Minify-v0.2.0,2021-09-09T13:04:59,RRWO,cpan,released,v0.2.0,,Mojolicious-Plugin-Text-Minify,"remove HTML indentation on the fly"
URI-Fast-0.54_01,2021-09-09T12:39:32,JEFFOBER,cpan,developer,0.54_01,,URI-Fast,"A fast(er) URI parser"
Mojolicious-Plugin-Text-Minify-v0.1.1,2021-09-09T12:22:50,RRWO,backpan,released,v0.1.1,,Mojolicious-Plugin-Text-Minify,"remove HTML indentation on the fly"
Mojolicious-Plugin-Text-Minify-v0.1.0,2021-09-09T12:20:00,RRWO,backpan,released,v0.1.0,1,Mojolicious-Plugin-Text-Minify,"remove HTML intendation on the fly"
Data-Properties-1.07,2021-09-09T11:44:30,JV,latest,released,1.07,,Data-Properties,"persistent properties"
AI-Perceptron-Simple-1.03,2021-09-09T11:43:03,ELLEDNERA,cpan,released,1.03,,AI-Perceptron-Simple,"A Newbie Friendly Module to Create, Train, Validate and Test Perceptrons / Neurons"
SReview-0.8.0,2021-09-09T08:38:55,WOUTER,latest,released,v0.8.0,,SReview,"a video review and transcoding system"
App-Netdisco-2.049005,2021-09-09T07:52:58,OLIVER,latest,released,2.049005,,App-Netdisco,"An open source web-based network management tool."
SNMP-Info-3.78,2021-09-09T05:19:08,OLIVER,cpan,released,3.78,,SNMP-Info,"OO Interface to Network devices and MIBs through SNMP"
App-ansifold-1.1101,2021-09-09T04:38:29,UTASHIRO,latest,released,1.1101,,App-ansifold,"fold command handling ANSI terminal sequences"
Text-WideChar-Util-0.172,2021-09-09T00:05:46,PERLANCAR,latest,released,0.172,,Text-WideChar-Util,"Routines for text containing wide characters"
Test-Mock-LWP-Distilled-0.001_03,2021-09-08T23:47:53,SKINGTON,cpan,developer,0.001_03,,Test-Mock-LWP-Distilled,"make and use LWP mocks, distilled to their essence"
BoardStreams-v0.0.23,2021-09-08T23:15:20,KARJALA,latest,released,v0.0.23,,BoardStreams,"An easy way to use WebSockets on the browser and on the server"
Mojo-Pg-4.26,2021-09-08T21:43:54,SRI,latest,released,4.26,,Mojo-Pg,"Mojolicious ♥ PostgreSQL"
MooX-PDL-Role-Proxy-0.07,2021-09-08T21:32:14,DJERIUS,latest,released,0.07,,MooX-PDL-Role-Proxy,"treat a container of ndarrays (piddles) as if it were an ndarray (piddle)"
Tk-Text-SuperText-0.12,2021-09-08T21:30:41,ASB,latest,released,0.12,,Tk-Text-SuperText,"An improved text widget for Perl/Tk"
Smartcat-App-0.0.11,2021-09-08T21:03:07,TARAS,latest,released,0.0.11,,Smartcat-App,"Smartcat cli application"
Term-VTerm-0.07,2021-09-08T19:10:14,PEVANS,latest,released,0.07,,Term-VTerm,"emulate a virtual terminal using libvterm"
Alien-libvterm-0.01_001,2021-09-08T19:06:12,PEVANS,cpan,developer,0.01_001,,Alien-libvterm,"Alien wrapping for libvterm"
IPC-Shareable-1.06,2021-09-08T18:25:24,STEVEB,latest,released,1.06,,IPC-Shareable,"Use shared memory backed variables across processes"
Test-Mock-LWP-Distilled-JSON-0.001_02,2021-09-08T17:38:32,SKINGTON,cpan,developer,0.001_02,,Test-Mock-LWP-Distilled-JSON,"JSON support for Test::Mock::LWP::Distilled"
Test-Mock-LWP-Distilled-0.001_02,2021-09-08T17:30:44,SKINGTON,cpan,developer,0.001_02,,Test-Mock-LWP-Distilled,"make and use LWP mocks, distilled to their essence"
Crypt-OpenSSL-RSA-0.32,2021-09-08T15:50:47,TODDR,latest,released,0.32,,Crypt-OpenSSL-RSA,"RSA encoding and decoding, using the openSSL libraries"
Minion-Backend-MongoDB-1.09,2021-09-08T15:46:40,EBRUNI,cpan,released,1.09,,Minion-Backend-MongoDB,"MongoDB backend for Minion"
HTML-HTML5-Parser-0.992,2021-09-08T15:02:44,TOBYINK,latest,released,0.992,,HTML-HTML5-Parser,"parse HTML reliably"
HTML-HTML5-Parser-0.991,2021-09-08T14:51:35,TOBYINK,cpan,released,0.991,,HTML-HTML5-Parser,"parse HTML reliably"
Math-MPC-1.13,2021-09-08T12:31:21,SISYPHUS,latest,released,1.13,,Math-MPC,"Perl interface to the MPC (multi precision complex) library"
Math-MPFR-4.17,2021-09-08T12:25:47,SISYPHUS,latest,released,4.17,,Math-MPFR,"Perl interface to the MPFR (floating point) library"
Astro-SpaceTrack-0.147,2021-09-08T11:36:18,WYANT,latest,released,0.147,,Astro-SpaceTrack,"Download satellite orbital elements from Space Track"
Proc-ProcessTable-0.612,2021-09-08T10:39:21,JWB,cpan,released,0.612,,Proc-ProcessTable,"Perl extension to access the unix process table"
App-nioscli-0.001,2021-09-08T10:37:55,SSMN,latest,released,0.001,1,App-nioscli,"CLI for NIOS"
Data-MoneyCurrency-0.22,2021-09-08T07:53:41,EDF,latest,released,0.22,,Data-MoneyCurrency,"Get information for different currencies"
Data-MoneyCurrency-0.21,2021-09-08T07:30:40,EDF,cpan,released,0.21,,Data-MoneyCurrency,"Get information for different currencies"
GitHub-Actions-0.1.0,2021-09-08T07:25:19,JMERELO,latest,released,0.1.0,,GitHub-Actions,"Work in GitHub Actions using Perl"
Net-GitHub-1.02,2021-09-08T05:16:33,FAYLAND,latest,released,1.02,,Net-GitHub,"Perl Interface for github.com"
Data-MoneyCurrency-0.20,2021-09-08T04:40:57,EDF,cpan,released,0.20,,Data-MoneyCurrency,"Get information for different currencies"
Time-Verbal-1.1.1,2021-09-08T01:26:27,GUGOD,latest,released,1.1.1,,Time-Verbal,"Convert time distance to words."
App-SubtitleUtils-0.006,2021-09-08T00:06:08,PERLANCAR,latest,released,0.006,,App-SubtitleUtils,"Utilities related to video subtitles"
Test-Mock-LWP-Distilled-JSON-0.001_01,2021-09-07T22:02:20,SKINGTON,cpan,developer,0.001_01,1,Test-Mock-LWP-Distilled-JSON,"JSON support for Test::Mock::LWP::Distilled"
Test-Mock-LWP-Distilled-0.001_01,2021-09-07T21:43:12,SKINGTON,cpan,developer,0.001_01,1,Test-Mock-LWP-Distilled,"make and use LWP mocks, distilled to their essence"
Data-MoneyCurrency-0.19,2021-09-07T21:17:24,EDF,cpan,released,0.19,,Data-MoneyCurrency,"Get information for different currencies"
DNS-NIOS-0.005,2021-09-07T20:29:45,SSMN,latest,released,0.005,,DNS-NIOS,"Perl binding for NIOS"
LaTeXML-0.8.6_1,2021-09-07T20:19:22,BRMILLER,cpan,developer,0.8.6_1,,LaTeXML,"transforms TeX and LaTeX into XML/HTML/MathML"
Grizzly-0.102,2021-09-07T19:24:42,NOBUNAGA,cpan,released,0.102,,Grizzly,"Grizzly - A command-line interface for looking up stock quote."
App-perlimports-0.000018,2021-09-07T18:43:41,OALDERS,cpan,released,0.000018,,App-perlimports,"Make implicit imports explicit"
GraphQL-Plugin-Convert-OpenAPI-0.20,2021-09-07T18:24:27,ETJ,backpan,released,0.20,,GraphQL-Plugin-Convert-OpenAPI,"convert OpenAPI schema to GraphQL schema"
GraphQL-Plugin-Convert-MojoPubSub-0.02,2021-09-07T18:16:35,ETJ,latest,released,0.02,,GraphQL-Plugin-Convert-MojoPubSub,"convert a Mojo PubSub server to GraphQL schema"
GraphQL-Plugin-Convert-DBIC-0.19,2021-09-07T18:11:12,ETJ,latest,released,0.19,,GraphQL-Plugin-Convert-DBIC,"convert DBIx::Class schema to GraphQL schema"
SDL2-FFI-0.07,2021-09-07T17:44:57,SANKO,latest,released,0.07,,SDL2-FFI,"FFI Wrapper for SDL (Simple DirectMedia Layer) Development Library"
Date-5.2.9,2021-09-07T16:37:37,SYBER,latest,released,v5.2.9,,Date,"extremely fast Date framework with timezones, microseconds, relative dates and intervals support."
Test-MockModule-v0.177.0,2021-09-07T16:31:00,GFRANKS,latest,released,v0.177.0,,Test-MockModule,"Override subroutines in a module for unit testing"
CLI-Meta-YtDlp-0.001,2021-09-07T14:57:18,PERLANCAR,latest,released,0.001,1,CLI-Meta-YtDlp,"Metadata for yt-dlp CLI"
App-ShellCompleter-YtDlp-0.001,2021-09-07T14:57:07,PERLANCAR,latest,released,0.001,1,App-ShellCompleter-YtDlp,"Shell completion for yt-dlp"
Log-Log4perl-Layout-JSON-Readable-1.0.3,2021-09-07T13:43:40,DAKKAR,latest,released,1.0.3,,Log-Log4perl-Layout-JSON-Readable,"JSON layout, but some fields always come first"
DBIx-Lite-0.33,2021-09-07T13:29:16,AAR,latest,released,0.33,,DBIx-Lite,"Chained and minimal ORM"
Music-Beets-Info-0.006,2021-09-07T13:12:34,WOLDRICH,latest,released,0.006,,Music-Beets-Info,"Import data from Beets database into a perl data structure"
CLI-Meta-YoutubeDl-0.002,2021-09-07T12:55:48,PERLANCAR,latest,released,0.002,,CLI-Meta-YoutubeDl,"Metadata for youtube-dl CLI"
Log-Log4perl-Layout-JSON-Readable-1.0.2,2021-09-07T12:55:37,DAKKAR,cpan,released,1.0.2,,Log-Log4perl-Layout-JSON-Readable,"JSON layout, but some fields always come first"
Mojolicious-Plugin-TagHelpers-ContentBlock-0.11,2021-09-07T12:37:39,AKRON,latest,released,0.11,1,Mojolicious-Plugin-TagHelpers-ContentBlock,"Mojolicious Plugin for Content Blocks"
Games-Sudoku-General-0.026,2021-09-07T11:54:30,WYANT,latest,released,0.026,,Games-Sudoku-General,"Solve Sudoku and related puzzles"
JSON-Parser-Regexp-0.19,2021-09-07T11:34:02,RAJ,latest,released,0.19,,JSON-Parser-Regexp,"Json parser"
Catmandu-PICA-1.07,2021-09-07T08:51:06,VOJ,latest,released,1.07,,Catmandu-PICA,"Catmandu modules for working with PICA+ data"
Bencher-Scenario-Serializers-0.161,2021-09-07T06:32:00,PERLANCAR,latest,released,0.161,,Bencher-Scenario-Serializers,"Benchmark Perl data serialization modules"
App-sdif-4.20.1,2021-09-07T02:31:16,UTASHIRO,latest,released,4.20.1,,App-sdif,"sdif and family tools, cdif and watchdiff"
Data-Sah-Coerce-perl-To_date-From_str-natural-0.014,2021-09-07T01:43:17,PERLANCAR,latest,released,0.014,,Data-Sah-Coerce-perl-To_date-From_str-natural,"Coerce date from string parsed by DateTime::Format::Natural (UTC time zone)"
Data-Sah-Coerce-perl-To_date-From_str-natural-0.013,2021-09-07T01:43:06,PERLANCAR,backpan,released,0.013,,Data-Sah-Coerce-perl-To_date-From_str-natural,"Coerce date from string parsed by DateTime::Format::Natural (UTC time zone)"
Data-Sah-Coerce-perl-To_date-From_str-natural-0.012,2021-09-07T01:42:55,PERLANCAR,backpan,released,0.012,,Data-Sah-Coerce-perl-To_date-From_str-natural,"Coerce date from string parsed by DateTime::Format::Natural (UTC time zone)"
Data-Sah-Coerce-perl-To_date-From_str-natural-0.011,2021-09-07T01:42:44,PERLANCAR,backpan,released,0.011,,Data-Sah-Coerce-perl-To_date-From_str-natural,"Coerce date from string parsed by DateTime::Format::Natural (UTC time zone)"
Data-Sah-Coerce-perl-To_date-From_str-flexible-0.009,2021-09-07T01:42:32,PERLANCAR,latest,released,0.009,,Data-Sah-Coerce-perl-To_date-From_str-flexible,"Coerce date from string parsed by DateTime::Format::Flexible (UTC time zone)"
Data-Sah-Coerce-perl-To_date-From_str-flexible-0.008,2021-09-07T01:42:21,PERLANCAR,backpan,released,0.008,,Data-Sah-Coerce-perl-To_date-From_str-flexible,"Coerce date from string parsed by DateTime::Format::Flexible (UTC time zone)"
Data-Sah-Coerce-perl-To_date-From_str-flexible-0.007,2021-09-07T01:42:10,PERLANCAR,backpan,released,0.007,,Data-Sah-Coerce-perl-To_date-From_str-flexible,"Coerce date from string parsed by DateTime::Format::Flexible (UTC time zone)"
Valiant-0.001007,2021-09-07T01:06:25,JJNAPIORK,cpan,released,0.001007,,Valiant,"Validation Library"
Mail-Milter-Authentication-3.20210907,2021-09-07T00:33:16,MBRADSHAW,cpan,released,3.20210907,,Mail-Milter-Authentication,"A Perl Mail Authentication Milter"
Data-Cmp-0.010,2021-09-07T00:06:18,PERLANCAR,latest,released,0.010,,Data-Cmp,"Compare two data structures, return -1/0/1 like cmp"
Passwd-Keyring-Secret-1.00,2021-09-06T20:55:36,UHLE,cpan,released,1.00,1,Passwd-Keyring-Secret,"Password storage implementation using the GObject-based Secret library."
Lingua-Poetry-Haiku-Finder-0.002,2021-09-06T20:19:44,TOBYINK,latest,released,0.002,,Lingua-Poetry-Haiku-Finder,"find poetry in the least poetic places"
Number-MuPhone-1.02,2021-09-06T20:16:49,CHOLLOWAY,latest,released,1.02,,Number-MuPhone,"parsing and displaying phone numbers in pure Perl"
Syntax-Operator-Equ-0.02,2021-09-06T16:25:30,PEVANS,latest,released,0.02,,Syntax-Operator-Equ,"equality operators that distinguish undef"
XS-Parse-Keyword-0.15,2021-09-06T16:15:22,PEVANS,cpan,released,0.15,,XS-Parse-Keyword,"XS functions to assist in parsing keyword syntax"
XS-Install-1.3.4,2021-09-06T16:13:55,SYBER,latest,released,v1.3.4,,XS-Install,"ExtUtils::MakeMaker based module installer for XS modules."
XS-Framework-1.5.1,2021-09-06T16:13:44,SYBER,latest,released,v1.5.1,,XS-Framework,"Framework for building C++ XS modules with shared code, typemaps and C++ perl API."
UniEvent-1.2.6,2021-09-06T16:13:33,SYBER,latest,released,v1.2.6,,UniEvent,"Object-oriented, fast and extendable event loop abstraction framework with Perl and C++ interface."
Mock-Data-0.02,2021-09-06T15:57:34,NERDVANA,cpan,released,0.02,,Mock-Data,"Extensible toolkit for generating mock data"
Function-Return-0.14,2021-09-06T14:59:17,KFLY,latest,released,0.14,,Function-Return,"specify a function return type"
Mojo-Leds-1.08,2021-09-06T14:01:57,EBRUNI,cpan,released,1.08,,Mojo-Leds,"Leds aka Light Environment (emi) for Development System based on Mojolicious"
DateTime-Calendar-Christian-0.11,2021-09-06T12:38:24,WYANT,cpan,released,0.11,,DateTime-Calendar-Christian,"Dates in the Christian (combined Julian/Gregorian) calendar"
Module-ExtractUse-0.344,2021-09-06T11:34:54,DOMM,latest,released,0.344,,Module-ExtractUse,"Find out what modules are used"
JSON-Parser-Regexp-0.18,2021-09-06T11:23:15,RAJ,cpan,released,0.18,,JSON-Parser-Regexp,"Json parser"
Net-SIP-0.832,2021-09-06T11:06:54,SULLR,latest,released,0.832,,Net-SIP,"Framework SIP (Voice Over IP, RFC3261)"
Net-SNMP-Mixin-ArubaCX-VlanStatic-0.02,2021-09-06T09:40:51,GAISSMAI,latest,released,0.02,,Net-SNMP-Mixin-ArubaCX-VlanStatic,"mixin class for ArubaCX static vlan info"
Test-Mojo-Role-Log-0.2.1,2021-09-06T06:37:30,OETIKER,latest,released,v0.2.1,,Test-Mojo-Role-Log,"Testing Mojo Log messages"
Text-ANSI-Fold-2.1101,2021-09-06T06:36:08,UTASHIRO,latest,released,2.1101,,Text-ANSI-Fold,"Text folding library supporting ANSI terminal sequence and Asian wide characters with prohibition character handling."
Test-Mojo-Role-Log-0.2.0,2021-09-06T06:34:41,OETIKER,cpan,released,v0.2.0,,Test-Mojo-Role-Log,"Testing Mojo Log messages"
Graph-Undirected-Hamiltonicity-0.012,2021-09-06T06:10:09,ASHWIN,latest,released,0.012,,Graph-Undirected-Hamiltonicity,"decide whether a given Graph::Undirected contains a Hamiltonian Cycle."
Yancy-1.077,2021-09-06T02:25:08,PREACTION,latest,released,1.077,,Yancy,"The Best Web Framework Deserves the Best CMS"
App-lcpan-CmdBundle-deps-0.011,2021-09-06T00:05:53,PERLANCAR,latest,released,0.011,,App-lcpan-CmdBundle-deps,"More lcpan subcommands related to dependencies"
Statistics-Descriptive-PDL-0.07,2021-09-05T23:25:08,SLAFFAN,backpan,released,0.07,,Statistics-Descriptive-PDL,"A close to drop-in replacement for Statistics::Descriptive using PDL as the back-end"
Statistics-Descriptive-PDL-0.06,2021-09-05T23:13:21,SLAFFAN,backpan,released,0.06,,Statistics-Descriptive-PDL,"A close to drop-in replacement for Statistics::Descriptive using PDL as the back-end"
Grizzly-0.101,2021-09-05T21:31:59,NOBUNAGA,cpan,released,0.101,,Grizzly,"Grizzly - A command-line interface for looking up stock quote."
Grizzly-0.100,2021-09-05T21:22:40,NOBUNAGA,cpan,released,0.100,,Grizzly,"Grizzly - A command-line interface for looking up stock quote."
Game-TextMapper-1,2021-09-05T20:54:45,SCHROEDER,backpan,released,1,1,Game-TextMapper,"a web app to generate maps based on text files"
JSON-Parser-Regexp-0.11,2021-09-05T20:02:46,RAJ,cpan,released,0.11,,JSON-Parser-Regexp,"Json parser"
JSON-Parser-Regexp-0.10,2021-09-05T19:48:36,RAJ,cpan,released,0.10,,JSON-Parser-Regexp,"Json parser"
JSON-Parser-Regexp-0.09,2021-09-05T19:34:26,RAJ,cpan,released,0.09,,JSON-Parser-Regexp,"Json parser"
App-VTide-v0.1.16,2021-09-05T19:01:56,IVANWILLS,latest,released,v0.1.16,,App-VTide,"A vim/tmux based IDE for the terminal"
AHA-0.7,2021-09-05T16:55:29,FANY,latest,released,0.7,,AHA,"Access modules for AVM's home automation system"
Minion-Backend-MongoDB-1.08,2021-09-05T16:11:02,EBRUNI,backpan,released,1.08,,Minion-Backend-MongoDB,"MongoDB backend for Minion"
DateTime-Calendar-Julian-0.105,2021-09-05T14:49:18,WYANT,cpan,released,0.105,,DateTime-Calendar-Julian,"DateTime object in the Julian calendar"
Nasm-X86-20210905,2021-09-05T14:21:14,PRBRENAN,cpan,released,20210905,,Nasm-X86,"Generate X86 assembler code using Perl as a macro pre-processor."
Bitcoin-Crypto-1.000,2021-09-05T13:33:40,BRTASTIC,cpan,released,1.000,,Bitcoin-Crypto,"Bitcoin cryptography in Perl"
Gherkin-21.0.0,2021-09-05T12:02:39,CUKEBOT,cpan,released,21.0.0,,Gherkin,"A parser and compiler for the Gherkin language"
Statistics-Descriptive-PDL-0.05,2021-09-05T11:04:15,SLAFFAN,backpan,released,0.05,,Statistics-Descriptive-PDL,"A close to drop-in replacement for Statistics::Descriptive using PDL as the back-end"
Statistics-Descriptive-PDL-0.04,2021-09-05T10:52:30,SLAFFAN,backpan,released,0.04,,Statistics-Descriptive-PDL,"A close to drop-in replacement for Statistics::Descriptive using PDL as the back-end"
GitHub-Actions-0.0.7,2021-09-05T10:38:18,JMERELO,cpan,released,0.0.7,,GitHub-Actions,"Work in GitHub Actions using Perl"
Bitcoin-Crypto-1.000_01,2021-09-05T09:19:54,BRTASTIC,backpan,developer,1.000_01,,Bitcoin-Crypto,"Bitcoin cryptography in Perl"
Statistics-Descriptive-PDL-0.03,2021-09-05T07:22:11,SLAFFAN,backpan,released,0.03,,Statistics-Descriptive-PDL,"A close to drop-in replacement for Statistics::Descriptive using PDL as the back-end"
Test-Module-Features-0.001,2021-09-05T07:20:43,PERLANCAR,backpan,released,0.001,1,Test-Module-Features,"Test feature set specifications and features declarations"
Statistics-Descriptive-PDL-0.02,2021-09-05T07:00:07,SLAFFAN,backpan,released,0.02,1,Statistics-Descriptive-PDL,"A close to drop-in replacement for Statistics::Descriptive using PDL as the back-end"
App-Tac_n-0.0.3,2021-09-05T06:28:15,SHLOMIF,latest,released,0.0.3,,App-Tac_n,"cat with descending line numbers"
SDL2-FFI-0.06,2021-09-05T03:26:34,SANKO,cpan,released,0.06,,SDL2-FFI,"FFI Wrapper for SDL (Simple DirectMedia Layer) Development Library"
Weather-NHC-TropicalCyclone-0.31,2021-09-05T03:26:23,DANX,latest,released,0.31,,Weather-NHC-TropicalCyclone,"Provides a convenient interface to NHC's Tropical Cyclone JSON format."
Weather-NHC-TropicalCyclone-0.30,2021-09-05T03:22:06,DANX,cpan,released,0.30,,Weather-NHC-TropicalCyclone,"Provides a convenient interface to NHC's Tropical Cyclone JSON format."
Nasm-X86-20210904,2021-09-04T23:42:18,PRBRENAN,cpan,released,20210904,,Nasm-X86,"Generate X86 assembler code using Perl as a macro pre-processor."
FB3-Convert-0.48,2021-09-04T22:32:27,GRIBUSER,latest,released,0.48,,FB3-Convert,"scripts and API for converting FB3 from and to different formats"
Dist-Zilla-Plugin-MakeMaker-Awesome-0.49,2021-09-04T20:22:11,ETHER,latest,released,0.49,,Dist-Zilla-Plugin-MakeMaker-Awesome,"A more awesome MakeMaker plugin for Dist::Zilla"
Mailru-Cloud-0.10,2021-09-04T17:54:18,VRAG,latest,released,0.10,,Mailru-Cloud,"Simple REST API cloud mail.ru client"
Tie-TextDir-0.07,2021-09-04T17:54:07,KWILLIAMS,latest,released,0.07,,Tie-TextDir,"interface to directory of files"
AsposeSlidesCloud-SlidesApi-21.08,2021-09-04T16:49:17,ASPOSE,latest,released,21.08,,AsposeSlidesCloud-SlidesApi,"Aspose.Slides Cloud SDK"
Perl-Critic-Policy-RegularExpressions-ProhibitEmptyAlternatives-0.004_01,2021-09-04T16:18:46,WYANT,cpan,developer,0.004_01,,Perl-Critic-Policy-RegularExpressions-ProhibitEmptyAlternatives,"Beware empty alternatives, because they always match."
Mock-Data-0.01,2021-09-04T16:15:24,NERDVANA,cpan,released,0.01,,Mock-Data,"Extensible toolkit for generating mock data"
String-Copyright-0.003011,2021-09-04T13:38:44,JONASS,latest,released,0.003011,,String-Copyright,"representation of text-based copyright statements"
RT-Extension-FilterRules-0.01,2021-09-04T09:58:20,AJWOOD,latest,released,0.01,1,RT-Extension-FilterRules,"Filter incoming tickets through rule sets"
Duadua-0.23,2021-09-04T09:02:58,BAYASHI,cpan,released,0.23,,Duadua,"Detect User-Agent, do up again!"
Duadua-0.22,2021-09-04T08:16:21,BAYASHI,cpan,released,0.22,,Duadua,"Detect User-Agent, do up again!"
Text-ANSI-Tabs-0.07,2021-09-04T08:00:54,UTASHIRO,latest,released,0.07,,Text-ANSI-Tabs,"Tab expand and unexpand with ANSI sequence"
SNMP-Info-3.77,2021-09-04T05:31:35,OLIVER,cpan,released,3.77,,SNMP-Info,"OO Interface to Network devices and MIBs through SNMP"
Image-Base-Magick-7,2021-09-04T05:17:24,KRYDE,latest,released,7,,Image-Base-Magick,"Image::Base on files using ImageMagick."
Alien-libsdl2-1.07,2021-09-04T02:02:20,SANKO,latest,released,1.07,,Alien-libsdl2,"Find or download and install libsdl2"
Net-xFTP-1.02,2021-09-04T02:00:53,TURNERJW,latest,released,1.02,,Net-xFTP,"Common wrapper functions for use with either Net::FTP, Net::SFTP,  Net::FSP, Net::FTPSSL, Net::OpenSSH, Net:SSH2, and Net::SFTP::Foreign."
Graph-Undirected-Hamiltonicity-0.011,2021-09-04T00:25:43,ASHWIN,cpan,released,0.011,1,Graph-Undirected-Hamiltonicity,"decide whether a given Graph::Undirected contains a Hamiltonian Cycle."
Lingua-EN-CMUDict-0.07,2021-09-04T00:10:13,LMETCALF,latest,released,0.07,,Lingua-EN-CMUDict,"Perl extension for utilizing the CMU dictionary file"
Data-Cmp-0.009,2021-09-04T00:05:59,PERLANCAR,backpan,released,0.009,,Data-Cmp,"Compare two data structures, return -1/0/1 like cmp"
App-Netdisco-2.049004,2021-09-03T20:36:58,OLIVER,cpan,released,2.049004,,App-Netdisco,"An open source web-based network management tool."
SNMP-Info-3.76,2021-09-03T20:14:21,OLIVER,cpan,released,3.76,,SNMP-Info,"OO Interface to Network devices and MIBs through SNMP"
URI-Fast-0.54,2021-09-03T18:59:32,JEFFOBER,cpan,released,0.54,,URI-Fast,"A fast(er) URI parser"
Signer-AWSv4-0.06,2021-09-03T18:46:23,JLMARTIN,latest,released,0.06,,Signer-AWSv4,"Implements the AWS v4 signature algorithm"
Minion-Backend-MongoDB-1.07,2021-09-03T16:55:07,EBRUNI,cpan,released,1.07,,Minion-Backend-MongoDB,"MongoDB backend for Minion"
GraphQL-0.52,2021-09-03T16:50:05,ETJ,latest,released,0.52,,GraphQL,"Perl implementation of GraphQL"
Nasm-X86-20210903,2021-09-03T16:43:23,PRBRENAN,backpan,released,20210903,,Nasm-X86,"Generate X86 assembler code using Perl as a macro pre-processor."
Text-Template-1.60,2021-09-03T16:15:14,MSCHOUT,latest,released,1.60,,Text-Template,"Expand template text with embedded Perl"
Test2-Harness-1.000071,2021-09-03T15:34:27,EXODIST,cpan,released,1.000071,,Test2-Harness,"A new and improved test harness with better Test2 integration."
Function-Return-0.13,2021-09-03T14:46:14,KFLY,cpan,released,0.13,,Function-Return,"specify a function return type"
App-week-1.0202,2021-09-03T13:38:54,UTASHIRO,latest,released,1.0202,,App-week,"colorful calendar command"
Text-ANSI-Fold-Util-0.06,2021-09-03T13:03:02,UTASHIRO,latest,released,0.06,,Text-ANSI-Fold-Util,"Text::ANSI::Fold utilities (width, substr)"
Text-ANSI-Tabs-0.06,2021-09-03T10:21:27,UTASHIRO,cpan,released,0.06,1,Text-ANSI-Tabs,"Tab expand and unexpand with ANSI sequence"
curry-2.000000-TRIAL,2021-09-03T10:20:00,MSTROUT,cpan,developer,2.000000,,curry,"Create automatic curried method call closures for any class or object"
App-Netdisco-2.049003,2021-09-03T07:11:01,OLIVER,cpan,released,2.049003,,App-Netdisco,"An open source web-based network management tool."
App-Netdisco-2.049002,2021-09-03T05:26:59,OLIVER,cpan,released,2.049002,,App-Netdisco,"An open source web-based network management tool."
Data-Cmp-0.008,2021-09-03T00:06:11,PERLANCAR,backpan,released,0.008,,Data-Cmp,"Compare two data structures, return -1/0/1 like cmp"
Acme-Cow-0.2,2021-09-02T21:36:45,HADFL,latest,released,0.2,,Acme-Cow,"Talking barnyard animals (or ASCII art in general)"
MIDI-RtMidi-FFI-0.03,2021-09-02T20:59:49,JBARRETT,latest,released,0.03,,MIDI-RtMidi-FFI,"Bindings for librtmidi - Realtime MIDI library"
SNMP-Info-3.75,2021-09-02T19:45:01,OLIVER,cpan,released,3.75,,SNMP-Info,"OO Interface to Network devices and MIBs through SNMP"
AnyEvent-SOCKS-Client-0.051,2021-09-02T19:43:27,ZLOBUS,latest,released,0.051,,AnyEvent-SOCKS-Client,"AnyEvent-based SOCKS client!"
Sys-Virt-v7.7.0,2021-09-02T17:03:32,DANBERR,latest,released,v7.7.0,,Sys-Virt,"libvirt Perl API"
Pod-Perldoc-ToToc-1.122,2021-09-02T16:11:28,BDFOY,latest,released,1.122,,Pod-Perldoc-ToToc,"Translate Pod to a Table of Contents"
MIDI-RtMidi-FFI-0.03-TRIAL,2021-09-02T16:04:50,JBARRETT,cpan,developer,0.03,,MIDI-RtMidi-FFI,"Bindings for librtmidi - Realtime MIDI library"
AnyEvent-SOCKS-Client-0.05,2021-09-02T16:03:23,ZLOBUS,cpan,released,0.05,,AnyEvent-SOCKS-Client,"AnyEvent-based SOCKS client!"
Game-Life-Faster-0.005_01,2021-09-02T14:30:36,WYANT,cpan,developer,0.005_01,,Game-Life-Faster,"Play John Horton Conway's Game of Life, hopefully faster than a naive implementation."
Locale-Codes-3.68,2021-09-02T13:29:28,SBECK,latest,released,3.68,,Locale-Codes,"a distribution of modules to handle locale codes"
Apache-Session-MongoDB-0.23,2021-09-02T12:29:47,GUIMARD,latest,released,0.23,,Apache-Session-MongoDB,"An implementation of Apache::Session"
Sidef-3.99,2021-09-02T11:47:37,TRIZEN,latest,released,3.99,,Sidef,"The Sidef Programming Language"
Net-SIP-0.831,2021-09-02T10:49:37,SULLR,cpan,released,0.831,,Net-SIP,"Framework SIP (Voice Over IP, RFC3261)"
JavaScript-Duktape-XS-0.000079,2021-09-02T10:21:33,GONZUS,latest,released,0.000079,,JavaScript-Duktape-XS,"Perl XS binding for the Duktape Javascript embeddable engine"
Evo-QUIP-0.1.1,2021-09-02T09:00:12,KOBOLDWIZ,latest,released,v0.1.1,1,Evo-QUIP,"Perl extension for QUIP (Quadratic Unconstrained Integer Program)"
Data-Record-Serialize-0.30,2021-09-02T02:49:34,DJERIUS,cpan,released,0.30,,Data-Record-Serialize,"Flexible serialization of a record"
Data-Sah-CoerceBundle-To_array-From_str-comma_sep-0.013,2021-09-02T00:05:09,PERLANCAR,latest,released,0.013,,Data-Sah-CoerceBundle-To_array-From_str-comma_sep,"Coerce array from a comma-separated items in a string"
Data-Record-Serialize-0.29,2021-09-01T23:41:19,DJERIUS,cpan,released,0.29,,Data-Record-Serialize,"Flexible serialization of a record"
Apache-Session-MongoDB-0.22,2021-09-01T21:36:04,GUIMARD,cpan,released,0.22,,Apache-Session-MongoDB,"An implementation of Apache::Session"
Cucumber-Messages-17.1.0,2021-09-01T21:01:22,CUKEBOT,cpan,released,17.1.0,,Cucumber-Messages,"A library for (de)serializing Cucumber protocol messages"
Test2-Harness-1.000070,2021-09-01T20:45:57,EXODIST,cpan,released,1.000070,,Test2-Harness,"A new and improved test harness with better Test2 integration."
String-Interpolate-RE-0.11,2021-09-01T20:09:05,DJERIUS,latest,released,0.11,,String-Interpolate-RE,"interpolate variables into strings using regular expressions"
IO-1.48,2021-09-01T18:02:44,TODDR,latest,released,1.48,,IO,"Perl core IO modules"
Grizzly-0.002,2021-09-01T15:47:25,NOBUNAGA,cpan,released,0.002,,Grizzly,"Grizzly - A command-line interface for looking up stock quote."
Astro-SpaceTrack-0.146_01,2021-09-01T15:44:40,WYANT,cpan,developer,0.146_01,,Astro-SpaceTrack,"Download satellite orbital elements from Space Track"
MIDI-RtMidi-FFI-0.02-TRIAL,2021-09-01T14:17:25,JBARRETT,backpan,developer,0.02,,MIDI-RtMidi-FFI,"Bindings for librtmidi - Realtime MIDI library"
Alien-RtMidi-0.02,2021-09-01T14:12:05,JBARRETT,cpan,released,0.02,,Alien-RtMidi,"Install RtMidi"
Devel-Git-MultiBisect-0.19,2021-09-01T13:09:36,JKEENAN,cpan,released,0.19,,Devel-Git-MultiBisect,"Study build or test output over a range of git commits"
App-sdif-4.20.0,2021-09-01T12:44:46,UTASHIRO,cpan,released,4.20.0,,App-sdif,"sdif and family tools, cdif and watchdiff"
Graph-0.9723,2021-09-01T10:44:41,ETJ,backpan,released,0.9723,,Graph,"graph data structures and algorithms"
CGI-Fast-2.16,2021-09-01T07:12:30,LEEJO,latest,released,2.16,,CGI-Fast,"CGI Interface for Fast CGI"
App-ElasticSearch-Utilities-8.1,2021-09-01T00:45:28,BLHOTSKY,cpan,released,8.1,,App-ElasticSearch-Utilities,"Utilities for Monitoring ElasticSearch"
Text-Table-Tiny-_ModuleFeatures-0.002,2021-09-01T00:06:01,PERLANCAR,backpan,released,0.002,,Text-Table-Tiny-_ModuleFeatures,"Features declaration for Text::Table::Tiny"
